ID,Name,Artist,Album,Year,Tempo,Energy,Key,Pitch,MFCC,Mode
SORSEYK12AB01870D6,My Pillow,Roger Miller,Country In My Pillow,0,37.965,0.0,11,11,2,1
SOIHMRM12A6D4F89CC,Check 1_2,EPMD,Out Of Business,1999,200.265,0.0,1,1,1,1
SOUUOFU12AB018157C,Start Moving,Sal Mineo,Backline Volume 46,0,161.47,0.0,0,0,2,1
SOQERJP12A8C14130F,Everyone (LP Version),Socialburn,Where You Are,2003,91.231,0.0,9,9,0,1
SOFAICL12AB018F914,Thug Love,X-Raided featuring Teddy Bear_ Big Pook_ T-Nutty,X-Filez V.3: The Madman Era,0,130.421,0.0,5,1,1,0
SOLPVLB12AB01879CB,Mean Old World Blues,T-Bone Walker,My Baby Left Me,1983,87.056,0.0,1,0,2,1
SOPOJSW12AC468C5D5,Ville Eyolf,Black Debbath,Naar Vi D\xc3\xb8de Rocker,2006,84.157,0.0,4,6,0,1
SOXNNAL12AB0182E8A,Show a Sign of Life,High Strung_ The,These Are Good Times,2003,155.524,0.0,0,7,1,1
SONBZRB12A6D4FA945,What Woman Really Wear To Bed,Steve Harvey,Live ... Down South Somewhere,0,71.229,0.0,11,5,2,0
SOKIDCN12AB01828E0,Gail Wakes Up,Michael Whalen,The Shape Of Life,0,163.12,0.0,0,0,2,1
SOZCFCW12A8C145A3A,The Preacher & the Funeral,LaWanda Page,Mutha Is Half a Word,0,105.395,0.0,5,1,2,1
SOMNOUE12A8C130DDE,Reminisce For A While (Sung With Raul Malo),Neil Diamond,Tennessee Moon,1996,91.302,0.0,5,0,0,1
SOWNIIQ12AC468CB58,N'ayez crainte mesdames,Fred Merpol,En vrai,0,101.954,0.0,7,0,0,0
SOEGCGK12A6D4FB978,I Could Use Another You (Digital Re-Recording),Eddy Raven,The Very Best Of Eddy Raven,0,118.704,0.0,9,9,0,1
SOLHEQX12A8C135403,Honey,Mariah Carey Featuring Da Brat & JD,The Remixes,1997,95.138,0.0,4,1,1,1
SOCXWEG12A6D4FBEA3,I Am Fred Astaire (Album Version),Taking Back Sunday,Where You Want To Be,2004,147.745,0.0,7,2,0,1
SOIFHTU12AC46867F6,Stand (Album Version),Kiss,Sonic Boom,0,126.418,0.0,8,1,0,1
SOZQDOQ12A8C14538E,Aftertaste,X-tv,Three is a crowd,0,141.946,0.0,4,4,0,1
SOSXJSF12A8C13DD2D,Beautiful,Christina Aguilera,Dance Vault Remixes - Beautiful,2002,139.99,0.0,8,3,0,1
SOWTMAZ12A58A7DA40,We All Need Love,Irma Thomas,The Story Of My Life,2008,131.0,0.0,3,3,0,1
SOQZCRW12AC468B0C0,Memphis Jug,Memphis Jug Band,The Best Of The Memphis Jug Band,2001,141.185,0.0,2,6,0,0
SOYRPRE12AB018B083,Blues Again,Rory Block,The Early Tapes 1975-1976,0,85.981,0.0,2,7,0,1
SOZQPHD12AB0183D23,1969,Iggy And The Stooges,Telluric Chaos,1969,231.089,0.0,9,9,0,0
SOQAWIC12A8C13A120,Just One Time,Connie Smith,The Essential Connie Smith,0,121.162,0.0,9,4,0,1
SORYPLB12A8C142025,Boar Hog Blues,Jazz Gillum,Jazz Gillum Vol. 1 1936-1938,1997,140.144,0.0,9,8,2,1
SOBUHQT12AB0186C07,Mr. Wonderful,Peggy Lee,Happy Day Collection - Fonzie's Women,1992,120.716,0.0,7,4,0,1
SOGBEWD12A8C1427C8,Traffic,Truckfighters,Phi,2007,148.363,0.0,11,1,0,1
SOZCWXS12AB018514C,Eight (Album Version),Onesidezero,Is This Room Getting Smaller?,2001,151.746,0.0,6,1,0,0
SOPBAMQ12A8C13A815,Decima Del Tiempo De Antes,Roberto Torres,Lo Mejor De Roberto Torres / Vol. II,0,161.345,0.0,5,0,1,0
SOBRZQM12A6D4F6896,Five Long Years,Freddie King,Getting Ready... (World),1971,148.627,0.0,7,2,0,1
SOWOLDP12A8C132015,Distractions,Dictafone,Wrapped Up In A Five Pound Note,0,101.375,0.0,2,9,0,1
SOWIDQC12AB0183BAE,El Jorobadito,Los Aut\xc3\xa9nticos Decadentes,Vinyl Replica: El Milagro Argentino,1989,88.505,0.0,9,0,0,0
SOUOMRB12AB017EBE9,Within My Blood,Skeletonwitch,Beyond the Permafrost,2004,206.936,0.0,4,0,1,0
SOSECUN12A8C13E654,Rider 4 Real,G Unit ft. 50 Cent_ Lloyd Banks & Tony Yayo,Body Snatcher's,0,94.918,0.0,10,0,0,0
SOQCJNI12A8C142188,Same Game,Leigh Jones,Music in My Soul,2008,103.465,0.0,0,5,0,0
SOYSUZL12A6D4F9005,Ocean Drive,Lighthouse Family,The Very Best Of,1995,90.703,0.0,2,9,0,1
SOSYIEX12A58A7D0F7,More Power To Ya,Petra,Petrafied! (Very Best Of Petra,0,131.634,0.0,4,11,2,1
SOCLYJV12A8C13F5DC,Where We Are From,Lexie Mountain Boys,Sexy Fountain Noise,2006,80.002,0.0,10,9,4,1
SORBCPH12A67ADD062,Headless Heroes (LP Version),Eugene McDaniels,Right On!,0,136.492,0.0,7,0,0,0
SOCERIC12AB0184710,His Love Says (Album),Mark Lowry,For The First Time On Planet Earth,0,99.309,0.0,10,0,1,1
SOYNTSK12AB0184C2F,Danger! She's A Stranger,The Five Stairsteps,Cameo Parkway 1957-1967,2005,93.847,0.0,10,5,0,0
SOKGYMR12A8C1433E3,Don't You Think It's Time To Go,The Del McCoury Band,The Family,0,106.218,0.0,5,0,0,1
SOJKYRI12A58A7D06C,Frieda,David Benoit,Here's To You Charlie Brown - 50 Great Years!,2000,152.077,0.0,0,0,0,1
SOFBCXN12A8C13C8C8,Pick Me Up On Your Way Down,Martina McBride,Timeless,2005,131.074,0.0,0,0,0,1
SOPGUJO12AB0186DF1,He Never Changes,4Him,Face The Nation,0,150.049,0.0,8,0,0,1
SOZSGFG12AB017D099,Min Tou Milate Tou Pediou,Antonis Remos,Antonis Remos Live,0,116.828,0.0,2,9,0,0
SOPWVGR12A8AE46957,Soy De Oaxaca,Los Originales De San Juan,Lo Mejor De Los Originales,0,123.335,0.0,4,0,0,1
SOEDEOK12AB0187B66,National Fencibles March,Henry Mancini,Sousa In Hi-Fi,0,118.719,0.0,5,5,2,1
SOJWWTP12A6D4F8952,I Will Be Free (LP Version),Cindy Morgan,The Definitive Collection,0,94.315,0.0,2,2,2,1
SOHIHSR12AB0184E8F,Everyone's At It,Lily Allen,It's Not Me_ It's You,2009,116.957,0.0,5,0,0,1
SOVBBBP12A58A7B044,Obsession,Rainforest Trio,Beyond Brasil,0,107.965,0.0,1,0,0,1
SOPOGEB12A6D4FB25A,Slow Ride [Live Version],Foghat,Live,1977,114.831,0.0,5,9,0,1
SOPMAEU12A67AE0C81,The World Turned Upside Down,Coldplay,Fix You,2005,136.82,0.0,9,4,0,1
SOSRFJO12A8C13DD88,I Want To Live (Smash Club Mix),Deepface,I Want To Live,0,124.05,0.0,11,6,0,0
SOOJXEP12AB018AD86,Goin' To Hell On A Sled,John D. Loudermilk,The Open Mind Of John D. Loudermilk,0,177.098,0.0,9,4,2,1
SOWFOWK12A6D4F669C,The Fourth Wish,Bruno Sanfilippo,The New Kingdom,2006,179.547,0.0,3,10,2,1
SOLDTNU12A58A7A231,What's Gonna Happen On the 8th Day,Screamin' Jay Hawkins,I Put a Spell on You: The Best Of,1996,116.01,0.0,10,10,2,1
SORQSRN12AB018102E,Playstation Generation,Smut Peddlers,ISM,0,116.638,0.0,11,11,0,0
SOPWPTN12A58A7CBAF,Lake Charles Two-Step,The California Cajun Orchestra,Not Lonesome Anymore,0,201.578,0.0,7,7,2,1
SOWPBNN12AB01848B1,Well Oh Well,Tiny Bradshaw,The History of Rhythm and Blues - Disc 3,2004,106.565,0.0,0,8,0,0
SOJSFWQ12AB0180A1A,Times Up,DJ Spinn,Soul Searchin' Part 2,0,240.5,0.0,1,8,0,0
SOBPRCW12AB0186D3E,Assassin,Floor,Below & Beyond,2002,156.179,0.0,4,2,1,0
SOHGJKE12AB0181C65,Get Your Head Stuck On Your Neck,Soul Mekanik,Get Your Head Stuck On Your Neck,0,125.584,0.0,7,0,1,1
SONRABC12AB0181584,Romeo's Exile,Liam O'Flynn,Celtic Twilight 6,1995,122.425,0.0,0,7,2,1
SODXWSC12A8C13828F,Only Love,Daryl Hall & John Oates,Change Of Season,1990,118.427,0.0,9,4,0,1
SOBAMAA12AB0187CB1,Sample Track 17,Simon Harris,Wicked Disco & Soul Breaks,0,92.046,0.0,1,0,1,1
SOBBFPC12A8C142932,The Man From U.N.C.L.E.,The London Theatre Orchestra,Ultimate Cult Themes,0,166.925,0.0,5,0,0,1
SOJQTVV12A8C134387,That you fool ed me,Wilks,Brightess night,0,94.997,0.0,6,6,0,1
SOFNAUM12AB01863B4,Ain't That Loving You Baby,John Hammond,Bluesman,0,130.99,0.0,4,4,1,0
SODXTQB12AB018A5C0,Crustaceans As Castanets,Pagan Wanderer Lu,European Monsoon,0,140.247,0.0,0,0,0,1
SOXIIPZ12A8C13EDC0,Is It The Skin I'm In?,Lyrics Born,Everywhere At Once,2008,151.051,0.0,8,8,0,0
SOWGJTP12AB018637B,Requiem Blaster,Pumpkin Buzzard,Perfect Dragon,0,111.004,0.0,0,8,0,0
SODPYXE12A58A7AF97,Problems,Mikey Dread,SWALK,0,137.746,0.0,5,5,0,0
SOGSOTK12A6D4FA596,Josephine (French Edit),Chris Rea,Weekend Songs,2008,110.1,0.0,3,1,0,0
SOLIGLL12AB018C551,Blueberry Hill,Gene Autry,Back In The Saddle Again,1992,107.718,0.0,0,0,2,1
SOLLXZJ12A6D4F96B0,I Constantly Thank God For Esteban (Album Version),Panic! At The Disco,A Fever You Can't Sweat Out,2005,167.011,0.0,7,0,0,0
SOAFQZW12A58A77CA5,Ju Ju,Poncho Sanchez,Latin Spirits,2001,213.718,0.0,1,0,0,1
SOPBKDI12A8C137D8F,Mass No. 19 in D minor_ 'Requiem' K626: Lacrimosa,Patrizia Pace/Waltraud Meier/Frank Lopardo/James Morris/Swedish Radio Choir/Stockholm Chamber Choir/Berliner Philharmoniker/Riccardo Muti,Mozart - Sacred Choral Works,0,37.42,0.0,2,9,2,0
SOVPJZV12A6D4F9D73,Estudio,Eduardo Fernandez,The Spanish Guitar - The Top 10,0,127.949,0.0,4,11,4,1
SOGMQBQ12AB017A9D1,Con Alma,The Fureys,The Dizzy Gillespie Alumni All-Stars: Dizzy's 80th Birthday Party,0,120.083,0.0,1,0,0,1
SOBUPHJ12A58A7C7F8,I Walked Today Where Jesus Walked,Bill & Gloria Gaither,Jerusalem Homecoming,0,152.606,0.0,2,9,0,1
SOHWCBC12A6D4F7596,Spanish Grease,Nestor Torres,The Very Best of Nestor Torres,0,122.985,0.0,5,0,3,1
SOCJCPS12AB017D8AE,Please Belive It,Mr. De',Belive In Soul E.P.,0,112.962,0.0,0,0,0,1
SOHCSLO12A8C14171E,Queen Street Rag (144826),Birmingham Jubilee Singers,Birmingham Jubilee Singers Vol. 2 (1927-1930),0,108.049,0.0,11,11,2,1
SOKRMXG12A8C13AB54,Song Of The Valley,John Cale,Artificial Intelligence,1985,134.258,0.0,7,7,0,1
SODIOXW12A6D4FD0D3,Bystander (Album Version),unloco,Healing,2001,145.717,0.0,8,8,0,1
SOQLAUY12A6D4F900A,Need To Belong To Someone,The Impressions,Times Have Changed,1972,90.089,0.0,10,10,0,1
SODAWYC12A8C13B094,Times Square,T Lavitz,T Lavitz And The Bad Habitz,0,118.183,0.0,6,2,2,0
SOQPGCD12A8C13CF85,Ain`t got nothing ( feat. David Banner & Eddy Soulo ),Samy Deluxe,So Deluxe So Glorious,2005,111.253,0.0,1,1,1,0
SOPWCJF12AB0183997,Old Man Rocking Chair,John Williams,Dusty Porch,2004,67.458,0.0,4,4,0,1
SOXCIAD12AB0181701,Macarena,Los Del Rio,Party Time,1993,206.376,0.0,11,8,0,1
SOQBPJS12AC3DF56FC,One Little Baby,The Wilburns,More Than Religion,0,117.492,0.0,7,7,0,1
SOIWLJY12A8C13CBF3,Bonnie Mae,Solas,The Hour Before Dawn,0,140.09,0.0,0,0,0,1
SOZWVZN12A6D4FB762,Light,Dann Huff,Solos,0,120.366,0.0,0,6,0,1
SOADCFY12A6310E353,Rock The House (Radio Edit),Gorillaz,G-Sides,2001,171.924,0.0,2,1,0,1
SOZHGBF12A8AE49137,Les Femmes Des Autres,Jacques Dutronc,Int\xc3\xa9grale Les Cactus,1969,122.826,0.0,2,9,0,1
SOTSEIR12A8C141BA6,I Can't Stand It,Sam Baker,Sugar Man,2005,111.852,0.0,8,1,2,1
SOZZBDC12A8C146917,Fall River Legend: Conversation: Morton Gould/Agnes de Mille,Morton Gould,Fall River Legend,0,47.891,0.0,7,7,4,1
SOBCBQB12A8AE47374,Looking Back,John Mayall & The Bluesbreakers,Looking Back,1997,131.198,0.0,0,7,2,1
SOIKTUX12A6D4F3E39,Spent,Darwin's Waiting Room,Orphan,2001,104.972,0.0,4,0,0,1
SOHBIKM12AB01840AF,Cabaret,Mademoiselle Sane,La petite boite en fer,2007,121.797,0.0,5,1,0,0
SOFXTES12AB01831D1,The Sun is here for you,Jane Winther,Songs - The Sun is here for you,0,90.556,0.0,7,2,0,1
SOZWMDF12AB018317A,Idnnitkhtr,TAKARU,There Can Be Only None,2004,121.549,0.0,11,1,0,0
SOSKTOI12AB01843A5,The Song Is You,Percy Faith,A Jerome Kern Songbook,0,107.405,0.0,10,5,2,1
SOODZRY12A6D4F81A0,It's All Understood,Jack Johnson,Flake,2000,131.4,0.0,10,9,0,1
SOEYCMO12A8C13CDBB,Venti scudi,Juan Diego Fl\xc3\xb3rez / Mariusz Kwiecen / Orquestra de la Comunitat Valenciana / Daniel Oren,Bel Canto Spectacular,0,60.856,0.0,1,5,2,1
SOZCCPL12AB017C957,Al maestro,El Barrio,Mal de amores,0,107.021,0.0,5,0,0,1
SOFHIRE12A6D4FB518,The Ball,Harry Gregson-Williams,Shrek 2,2004,93.104,0.0,10,0,0,1
SOOKORU12AB01808EA,I Heard It Throught The Grapevine,Creedence Clearwater Revived,Live Warsaw 2000,0,123.261,0.0,9,0,1,0
SOESALW12A6D4F7BBD,All That's Left,Thrice,The Artist In The Ambulance,2003,182.977,0.0,7,7,1,0
SOBYAAS12A8C1442B1,Golden Touch (LP Version),Shinehead,Unity,1988,151.255,0.0,10,0,0,0
SOJIGTT12A6D4FC3BA,Over And Out [Album Version],Britny Fox,Bite Down Hard,1991,149.01,0.0,11,6,1,1
SORSXYJ12AB01882C9,(Coffee's For Closers),Fall Out Boy,Folie \xc3\xa0 Deux,2008,155.038,0.0,4,4,0,1
SOSXQPZ12AB01800CB,You're Not Alone,Olive,Ministry of Sound Presents Chilled II 1991-2009,0,135.111,0.0,5,0,0,1
SOPMIWW12A58A7EE90,White Girl Who Can Dance,HardNox,I Go Dumb Of This Heavy Metal,0,144.038,0.0,2,1,0,1
SOAVRJE12A58A798CE,Meu Bem Meu Mal (Mi Bien Mi Mal),Gal Costa,Cores_ Nomes,0,145.099,0.0,5,0,4,1
SOMJFYS12A8C13E24C,Why U Mad At Me (Explicit Screwed Version),T.I.,Urban Legend,2004,148.877,0.0,6,1,0,0
SOORXAG12AB01886FD,We Didn't Kill Each Other (But Didn't We Try) [Originally Performed by Dallas Wayne],The Meatmen,Cover the Earth,0,193.361,0.0,2,9,0,1
SOCAMQU12AB0182111,Don't Do That,Pinchers,Dirt Low,0,92.01,0.0,11,10,1,1
SOKELXZ12A8C13B501,The Legend of Yellow Boobie,Year of Desolation,Your Blood_ My Vendetta,2005,223.323,0.0,1,1,1,1
SOKEKSF12AAF3B3977,Chuckanut Drive,Power Pill Fist,Kongmanivong,2008,138.387,0.0,5,0,1,1
SOLMKME12B0B8081D3,Slave Song,Sade,Lovers Rock,2000,118.023,0.0,6,0,0,0
SODIPHG12A58A7BEA6,Can't Stop Cocoa Tea,Cocoa Tea,Weh Dem A Go Do...Can't Stop Cocoa Tea,1991,146.474,0.0,1,5,0,1
SOBNDJL12AB01806C3,Hot Girls,Kiprich,Riddim Driven: Caribbean Style,0,101.214,0.0,2,1,0,1
SOIUVCM12AB0186D78,Crave and Wonder,Arc Angels,Living In A Dream,0,120.032,0.0,2,4,0,1
SONTBKA12A8C144020,U Not Like Me,50 Cent,Get Rich Or Die Tryin',2002,92.649,0.0,6,1,1,1
SOFUXYZ12AB018C902,Junko partner,Mike Bloomfield,Diamond Master Series - Mike Bloomfield,1996,167.553,0.0,3,8,2,1
SOCIKSS12AB01841A8,Merry Christmas Baby,The Continentals,Merry Christmas Baby,0,111.199,0.0,5,5,0,1
SOKYTFZ12AB0189A73,Mark Practices,Rolfe Kent,17 Again,0,69.986,0.0,1,9,2,0
SOJGPHT12A6D4FA2BF,The Windmills Of Your Mind,Toots Thielemans,Footprints,0,121.971,0.0,5,0,2,1
SOEWQUV12A8AE46AA4,Mighty Lak' a Rose,Marilyn Horne,Rockabye Baby - Lullabies with Orchestra,0,59.863,0.0,10,10,2,0
SOZONTS12A6D4F746E,Que Viva El Amor,Flor Silvestre,La Voz Que Acaricia,0,45.683,0.0,4,4,0,0
SOZSPRJ12A8C13EC7C,En mis besos,Caf\xc3\xa9 Quijano,La taberna del Buda,2001,98.185,0.0,2,7,0,0
SOZEPNS12A8AE4766D,Performance (Remastered),Happy Mondays,Bummed,1988,109.205,0.0,0,7,1,1
SOUGRYN12A8AE4606C,Grandma (Screwed & Chopped Version),Mike Jones,Who Is Mike Jones? Screwed & Chopped,0,142.729,0.0,2,1,1,1
SOPHYGD12CF5F890A6,I've Got The World On A String,Charlie Byrd Trio,I've Got the World On a String,0,108.998,0.0,2,1,0,0
SOQFLWF12AB017EF20,Anya,Marvin Hamlisch,The Spy Who Loved Me (Soundtrack),1977,76.738,0.0,4,11,2,0
SOBLUAT12A8C140982,Jolie Blon's Gone,Harry Choates,Cajun Honky Tonk,2005,89.803,0.0,9,9,0,1
SOHDZDZ12A6D4F7238,Crawlspace,Beastie Boys,To The 5 Boroughs,2004,108.013,0.0,1,0,0,1
SOLFRPO12AB018C705,Juno,Zuma,Juno,2001,161.919,0.0,9,9,0,1
SODWUKB12AB0180C2A,Tocame,Gisselle,Atada,2008,136.7,0.0,9,0,0,1
SOYIGVH12A8C144B02,Fairytale Land,Dora The Explorer,Dora The Explorer,0,120.206,0.0,0,7,1,1
SONCVTJ12AB01797ED,Know Thyself,Atom,I Have Returned,0,137.903,0.0,3,7,0,1
SOQHOZN12AC468B4BC,Rockin' At Midnight,Roy Brown,Long 'Bout Midnight,0,157.875,0.0,9,0,2,0
SOFKWOZ12AB018B51C,Aho,Meiway,M20,0,92.979,0.0,7,7,0,1
SOCUNKO12A8C132AF5,Problems,The Real Kids,No Place Fast,0,156.645,0.0,0,0,0,1
SOJRZPS12AB01853C9,The Last Song,The Fool'S Nose,Old News,0,85.762,0.0,4,2,2,0
SODCIIZ12A8C13C0C5,Heart it Races (Yacht's I Should Coco Mix),Architecture In Helsinki,Heart It Races Remixes,0,220.181,0.0,10,1,0,0
SOXWHQK12A67020E88,Don't Knock Love,Barbara Carr,A Decade Of Chicago's Finest,0,89.157,0.0,4,0,0,1
SOMTQJY12CF58265F5,24 Hours from Tulsa (Bonus Track),Claire Hamill,Touchpaper,0,124.942,0.0,9,4,1,1
SOYJVQR12AB01835DE,Destiny Ft: Lesk One,Ol' Dirty Bastard,Message To The Other Side (Osirus Part 1),0,90.473,0.0,7,9,0,1
SOKIWRW12AB017FAD7,Aljarafe,Lole y Manuel,Aljarafe,1992,85.472,0.0,6,10,2,1
SOXBPJO12A8C1401AC,It's Not What You Say,Louie Ramirez,Ali Baba,1968,125.028,0.0,5,0,0,1
SOCBGSL12A8C13747D,You Still Believe in Me,Rockabye Baby!,Lullaby Renditions of The Beach Boys,0,74.619,0.0,11,11,0,1
SOZOEUF12AB017E66A,Way Beyond,32 Leaves,Panoramic,2009,137.951,0.0,11,8,0,1
SOMAYCY12A6D4F936C,Oprah (Album Version),Kathleen Madigan,In Other Words,2006,87.392,0.0,7,5,2,0
SONSBJS12A67ADE7EC,Yhteinen koti,Irwin Goodman,Erikoiset,2001,189.997,0.0,2,1,0,1
SOUVHAM12A6D4FA42A,Korea (LP Version),Deftones,White Pony,2000,178.339,0.0,7,1,1,1
SOTBYJX12AB0188922,(I Used To Couldn't Dance) Tight Pants,Eagles Of Death Metal,Heart On,2008,237.831,0.0,7,9,0,1
SOAMLRD12AAF3B35AC,Too Late,Peter Hunningale,Mr. Government,0,165.898,0.0,9,1,1,0
SOZXBAJ12AB017F858,Big Boss Man,John Hammond,The Best Of,1965,95.434,0.0,5,5,2,1
SOCVNKY12A6D4FBC5E,Machinenfunk,1. Futurologischer Congress,Sch\xc3\xbctzt die Verliebten,1982,146.036,0.0,0,1,0,1
SONEIYL12AB0180FE4,I'm Going All The Way (Album),Ann Nesby,Ann Nesby's Soulful Christmas,0,107.466,0.0,0,0,0,1
SOXQVRI12A6D4F8E28,The Christmas Song,David Banner / Sky / Marcus,MTA2-Baptized In Dirty Water,0,87.033,0.0,7,7,0,1
SOSEVUC12A8C145671,Thats What I Like About a Country Song,Aaron Watson,Angels & Outlaws,2008,138.471,0.0,7,7,0,1
SOHTAHZ12A8C130B46,Kenourgios Erotas,POLINA,Kenourgios Erotas,0,182.153,0.0,5,1,0,0
SOWLHNY12AB0180F0C,Protect You,Tim Hornsby,Protect You,0,150.655,0.0,1,1,2,1
SONRSKV12AB018B6A1,Woman Shy,Jerry Reed,Oh What A Woman,1967,121.371,0.0,5,5,0,1
SOVOHEI12AB017C590,"Take The ""A"" Train",Les Brown,Live 12 May 1957,0,140.97,0.0,1,5,0,1
SOALPEZ12A8C132E29,Frankie And Johnny,Gene Autry,"Blues Singer 1929-1931 ""Booger Rooger Saturday Nite",1996,81.829,0.0,2,9,0,1
SOGYRUP12AB017FB4C,Have Thine Own Way,Michael Bloomfield,If You Love These Blues_ Play'em As You Please,0,121.218,0.0,7,2,0,1
SOFKEIK12A6310D86A,Stop Breaking Down (1994 Digital Remaster),The Rolling Stones,Exile On Main St,0,104.503,0.0,9,9,2,1
SODAABR12A58A7A953,I Never Shall Forget That Day (Reunion Album Version),Bill & Gloria Gaither,Reunion,0,145.907,0.0,2,9,2,1
SOFGDDZ12AB0186E67,Orgullo,Los Cisnes,16 Exitos De Los Mejores Trios Mexicanos,0,101.308,0.0,4,9,0,0
SONMFZP12A8C14297C,Limbo Rock,Dora The Explorer,Dora The Explorer Dance Fiesta!,2006,105.019,0.0,11,1,0,0
SOJPXOL12A58A793B9,Xtra Thump (Featuring Tash from Tha Alkaholiks),Defari,Odds & Evens,2003,80.891,0.0,7,0,0,1
SOECDUV12AAF3B38B4,You Gave Me A Mountain,The Jordanaires,The King's Harmoniers,0,100.327,0.0,0,4,0,1
SONFAMH12A6D4FA1FE,Cellular Phone,Bounty Killer,Nah No Mercy - The Warlord Scrolls,1995,159.798,0.0,0,0,0,1
SOUKJOM12AF72A5F91,Shadow After Dark,Ana Popovic,Still Making History,2007,177.362,0.0,8,0,0,1
SOUUNYT12AB0184F40,It's All In My Mind,Teenage Fanclub,Man-made,2005,122.002,0.0,5,5,0,1
SOWLGVU12AC3DFA925,Why Did You All Lie to Me?,Dario Marianelli,Everybody's Fine,2009,162.487,0.0,7,7,0,0
SOESPAS12AB017DBAE,14 Botellas,2 Minutos,Valentin Alsina,1994,103.54,0.0,7,1,1,1
SOEJJAZ12A8C132CAF,Heft*,Fastway,Trick Or Treat - Original Motion Picture Soundtrack  Featuring FASTWAY,0,134.819,0.0,9,4,0,1
SOJVAKH12AB0184F65,Some Guys Have All The Luck,Robert Palmer,At The BBC,1981,126.513,0.0,2,1,1,1
SOGVOOU12A8AE4643A,Sun Shower - Cadence Weapon Remix (Cd),Busdriver,Sun Shower,2007,129.993,0.0,11,1,0,0
SOITJXD12A8C133C31,What Are You Fighting For,Gyptian,Strictly One Drop,0,147.436,0.0,2,1,0,1
SOBXZGV12A6702074F,Bi Thus A Mo Shuile (LP Version),Maire Brennan,Whisper To The Wild Water,0,67.76,0.0,7,0,0,1
SOFJJXH12A6D4F8104,Move On,Paul Stanley,Paul Stanley,1978,140.172,0.0,5,0,2,1
SOQRBPU12AB018560B,Bald Head,Professor Longhair,And... R&B was born,1980,156.803,0.0,10,10,2,1
SOAPNML12A8C13B696,Cold Youth,Cut Copy,In Ghost Colours,2008,128.006,0.0,11,9,0,0
SOCHBZX12A8C141F2B,Wailing Sounds,Jimmy Page,Get the Led Out - Led Zeppelin Salute,2004,184.456,0.0,2,2,2,0
SOTUDGH12A8C13FED6,Evergreen,Rubyhorse,Rise,2002,129.909,0.0,7,9,0,1
SOOYKEK12A8C13B1DD,Rebel Music,Wyclef Jean featuring Prodigy of Mobb Deep,The Preacher's Son,2003,196.04,0.0,2,9,0,1
SOMXGSM12A8C130A2C,Unbreak My Heart,Alexander O'Neal,Alex Loves...,2008,109.991,0.0,9,0,0,0
SOHXEZL12AB0185E35,God Bird Change,Al DiMeola,Electric Rendezvous,1982,141.508,0.0,2,5,0,0
SOQBWFW12A8C139512,Italian Concerto in F_ BWV 971 - Allegro,Camerata Brasil,Bach in Brazil,0,179.803,0.0,5,0,0,1
SOVXFJX12A81C2387B,Tuscan Chica,Soul Ballet,LAViSH,2007,101.006,0.0,4,9,0,0
SOKJUOW12AB0181545,Transamazonia (Deep Dish No Doze Mix),Shamen,Trasmazonia,1995,83.497,0.0,4,0,1,0
SOYCRXU12AB0180B86,Never My Love,Kathy Troccoli,Kathy Troccoli,1994,79.744,0.0,7,7,0,1
SOSTWHL12A6D4FD2A9,As Mist Lay Silent Beneath,Keep Of Kalessin,Agnen: A Journey Through The Dark,1999,127.585,0.0,5,11,1,1
SOHNSVU12AB01891F8,Act One: Rise and Fall - From the Ashes (I. Chapter One / II. Chapter Two),Orenda,A Tale of a Tortured Soul,0,100.244,0.0,6,1,0,1
SOSIZPX12A8AE46AD3,Nana,Marilyn Horne,Rockabye Baby - Lullabies with Orchestra,0,109.257,0.0,9,11,2,1
SOBAENB12AB017BFD8,Eres Tu,Mongo Santamaria,Arriba!,0,142.198,0.0,5,0,0,1
SOEJCIN12A8C132263,Your Love,Mikey Dread,Happy Family,0,162.009,0.0,1,1,3,0
SOKWHFT12A8C13780E,Mallorca_ Op.202 - transcr. Marc Switzer,Pepe Romero,Alb\xc3\xa9niz / Granados / Romero / Sor: Guitar Solos,0,132.053,0.0,2,9,4,1
SOWYBEG12A6D4F9142,Kumal & Sangha,Nick Ingman,Two Brothers,0,133.369,0.0,2,2,2,0
SOSPTBA12A81C23A03,El Perro,Juana Molina,Segundo,2003,124.754,0.0,1,1,0,1
SOKETYB12AB018308E,It Is No Secret (What God Can Do),Tammy Wynette,The World Of Tammy Wynette,0,76.907,0.0,9,9,0,1
SOEGJRT12A6D4FCD65,Henrys Death,BT,Stealth,2005,150.082,0.0,2,1,0,1
SOEOSKZ12AC392B55B,Back On My New S*** (feat. Tre Williams),Styles P,The Ghost Dub-Dime Mixtape,0,98.299,0.0,3,3,1,1
SOVJJGU12AB0186C4F,Ducktails - Moon,The Advantage,Elf Titled,0,184.283,0.0,6,1,2,1
SOJATJX12A6D4F6E77,Shy Boy (1999 Digital Remaster),Tomorrow,Tomorrow,0,127.188,0.0,7,9,2,1
SOETRAW12AB0180F0E,The Way Love Is,Captain Hollywood Project,Animals or Human,1995,150.014,0.0,7,0,0,1
SOZCHRE12A8C1404A4,Give It All You Got,DJ Primo,Masters Of Darkness - The Best Early Rave & Hardcore,0,201.532,0.0,2,9,1,1
SOQOEGK12AB01883BB,Bata 6/8,Tito Puent\xc3\xa9,Salsa Salsa,1987,112.566,0.0,1,1,1,1
SOEDZFJ12A8C1370AE,Inner Chamber,Aeoliah,Zen Peace,0,134.496,0.0,5,0,2,1
SODJTQG12A8C135B04,Etre Le Premier,Jean-Jacques Goldman,Singulier 81 - 89,0,126.0,0.0,2,2,0,1
SOZMRSH12A8C141244,Hymne A L'Amour,Marcel Azzola,L'Accordeoniste,0,182.261,0.0,2,0,0,0
SOECOIA12A8C132F39,Dayz Of Our Livez,Agency 1.9.9.4,Undergrounds Series Vol. 1: Dayz Of Our Livez,0,90.216,0.0,9,10,1,0
SOELWIL12A8C14373B,L'antillais Donne,Francky Vincent,R\xc3\xa9chauffe L'hiver,0,114.786,0.0,6,8,0,1
SOXPTZV12A58A7DF86,Road-Age at the Farmers Market,Population Reduction,Each Birth a New Disaster,0,127.151,0.0,8,0,0,0
SOJIQVT12AB0189EB1,La Fluta Magica,Fajardo,Danzones de Ayer,0,121.423,0.0,2,9,2,1
SOVZDMI12AB0188DA6,It Ain't The Meat It's The Motion,Maria Muldaur,The L Word: Season 3,1974,137.549,0.0,11,1,0,1
SOIYNOF12AB0182141,Bailando,Casual,Casual,0,92.783,0.0,10,5,4,0
SOCLZZX12AB01849D3,Sunshower,Dave Valentin,Sunshower,1999,82.763,0.0,10,10,0,1
SOJHGDB12A8C137470,Midnight  (LP Version),Axe,Nemesis,1983,157.614,0.0,4,4,1,0
SOGWCZV12AC468C081,Adios Pampa Mia,Los Iracundos,Discografia Completa Vol. 9,0,121.878,0.0,0,7,0,1
SOJTYYE12A6D4F956E,Fen Shou Zong Yao Zai Yu Tian,Jacky Cheung,Zhen Qing Liu Lu,0,91.999,0.0,4,11,0,1
SOHERZY12A8C13C62F,Hornpipes: The First of May / the New Century,Dale Russ / Finn MacGinty,North Amerikay,0,190.605,0.0,7,9,2,1
SOAHUNU12A6D4FEDCB,Restcure,Marygold,Turned Left But Don't Know If It Was Right,0,93.908,0.0,7,2,0,1
SODQFQC12A8C13FD7A,Good Enough,Evanescence,The Open Door,2006,91.371,0.0,0,0,0,1
SOOGAGO12AB0187473,The Friendly Visit / The Stack of Wheat / The Gypsy Hornpipe,Joe Derrane_ Frankie Gavin_ Brian McGrath,Ireland's Harvest,0,176.945,0.0,7,2,2,1
SOPRMCE12A6D4FBBE5,Samaritanas Del Amor,Jose Luis Perales,Colecci\xc3\xb3n Diamante,1984,92.686,0.0,9,9,0,0
SOEIOPX12A8C1430AD,Sahnu bhul ke Maha,Naseebo Lal,Chithi Lae ke Kabootar Ja,0,144.076,0.0,9,7,2,0
SOMGYNM12A6D4F9B9B,Breakin',Milk Inc.,Supersized,2006,130.008,0.0,3,10,0,0
SONFECQ12AB017EFF7,Itchycoo Park,Small Faces,Ultimate Collection,1967,123.381,0.0,2,1,0,1
SOKHMUX12A8C13A78A,Les Noirs Marchant (Rudy Van Gelder 24Bit Mastering) (2002 Digital Remaster),Bobby Hutcherson,Dialogue (The Rudy Van Gelder Edition),0,151.391,0.0,2,2,2,0
SOODVWJ12A8C1379B4,Grace And Mercy Part II,Dorothy Norwood,Hattie B's Daughter,0,101.111,0.0,5,0,2,0
SOZLPVU12A6D4FD279,Mark My Words (Album Version),Hatebreed,Satisfaction Is The Death Of Desire,1997,202.65,0.0,1,0,0,1
SOOPDSG12AB018B57E,C Day (Maxi Club Version),Confetti's,Greatest Hits,2001,119.955,0.0,1,0,0,1
SOZTUNW12AB01887F8,Life,Vinylbase,Life,0,142.972,0.0,8,1,0,1
SOIVNTJ12AC468C685,'57 Chevrolet,Billie Jo Spears,Misty Blue,1990,185.583,0.0,2,4,0,1
SONJEYU12AC468C050,The Battle Of New Orleans,Johnny Horton,100 Country Classics,1959,179.311,0.0,9,9,0,1
SOFEQWY12A6D4F94CC,2HB (1999 Digital Remaster),Bryan Ferry,Let's Stick Together,1976,149.435,0.0,1,8,0,1
SOJAMMF12A58A7656D,Take Her Out,Alice In Chains,Black Gives Way To Blue,2009,96.941,0.0,8,3,0,1
SOYBGAM12AB017A82A,Speed Of Sound (Emergency Broadcast Album Version),White Heart,Emergency Broadcast,0,104.52,0.0,5,9,1,1
SOULIKU12A58A78CE2,February Song [Live],Josh Groban,Awake Live,2008,140.0,0.0,5,3,0,0
SOICOXW12A8C144D5C,You Should Be Free,Bruce Rowland,Return to Snowy River Part II,0,85.774,0.0,0,0,4,1
SOYBVOI12AB017AD6B,Lover In Demand,Delbert McClinton,Voices Of Americana: Delbert McClinton,2000,112.053,0.0,7,5,2,0
SOQWSGM12A6D4FC3C6,You Left Me,The Maine,Can't Stop Won't Stop,2008,130.031,0.0,0,0,0,1
SOPVNEU12A58A77E90,You Lasses and Lads,The Baltimore Consort,Tunes from the Attic,0,69.489,0.0,5,0,2,1
SOTARLM12AB0189263,Steppin' Out Tonight,The Jets,The Early Years,0,97.243,0.0,11,1,0,1
SOJMCCN12AB0185039,Happy Valentine's,Toby Love,Love Is Back,0,90.681,0.0,9,0,0,0
SOEOMWI12A67ADB831,Million Teardrops,Jimmy Cliff,The EMI Years 1973-'75,0,83.712,0.0,5,5,0,1
SOOWVZQ12AF72A0070,Don't Cha Know,Jimmie Vaughan,Strange Pleasure,1994,128.713,0.0,10,5,0,1
SOQCKBB12AB01864F9,Keep It Going Louder (Tom Stephan Harder Mix),Major Lazer,Nervous Nitelife: Tom Stephan,0,127.873,0.0,1,1,1,1
SORCMAR12AB018701E,Akhm Nakon,Saman,Rahayee,0,174.108,0.0,1,1,1,1
SORADNR12AB01862D1,Easy To Lose Hope,Eleanor McEvoy,Snapshots,0,91.973,0.0,7,2,0,1
SODJAZO12A81C2074D,Sailing To The Edge Of The Earth,The Abominable Iron Sloth,The Abominable Iron Sloth,2006,66.275,0.0,9,1,0,1
SOBPHQK12AF72A6AFF,Like A Dog,Long Beach Dub Allstars,Right Back,1999,93.317,0.0,11,9,0,0
SOICDVR12AC3DFB6F6,I'll Be Better,Cyndi Wang,H2H,0,131.981,0.0,1,3,0,1
SOWNOIQ12A58A799E1,Sweetest Maleficia (Album Version),Cradle Of Filth,Godspeed On The Devil's Thunder,0,160.102,0.0,10,0,0,0
SOLRMRV12AB017B887,Jarabe De Pico,Pablo Montero,Donde Estas Corazon,0,101.438,0.0,9,11,0,1
SOAMLPM12A8C13501C,Street Vibe,Jason Miles,Miles To Miles,0,84.623,0.0,5,0,0,0
SOLZYAI12AC46893E4,Why Can't You Be Mine,Jackie Wilson,Reet Petite,1958,180.054,0.0,8,7,2,1
SOVRIPF12A8C142FD3,Conker The King,Robin Beanland/Dweezil Zappa/Nile Rodgers/Rabbit In The Moon,Conker: Live And Reloaded (Original Soundtrack),2005,0.0,0.0,1,3,0,1
SOPUPYW12A8C13DEC9,Can You Hear Me,Enrique Iglesias,Can You Hear Me,2008,119.969,0.0,11,1,0,0
SOABRXK12A8C130A36,Saturday Love,Alexander O'Neal,Alex Loves...,2008,117.949,0.0,9,8,0,1
SOCPPNW12A8C131AF4,As The Terror Dances Your Way,The Capitol Years,Dance Away The Terror,0,114.95,0.0,8,3,0,1
SODISVN12A8C139DBF,True,Jim Reeves,The International Jim Reeves/ Good 'N' Country,2000,91.632,0.0,6,4,0,0
SOOTWRY12AB018277E,Believe,Danny Wright,Walking In Faith,0,149.682,0.0,5,0,2,1
SOGCFKE12AB01843C0,How Can I,Jah Cure,Ghetto Life,2003,160.655,0.0,4,0,0,0
SOCHZDP12AC468D99F,Butts n Stuff,Josh Mullins,I Wouldn't Buy This Either,0,89.093,0.0,3,0,0,0
SOXVMZV12A8C142488,Violet Heart Box,Willie Isz,Georgiavania,2009,83.573,0.0,1,1,0,1
SOAJZJM12A6D4FA033,The World Is Waiting For The Sunrise,Bob Crosby,Jazz Age!,0,119.763,0.0,2,1,2,1
SOSBXWX12A6701D235,Patience,Guns N' Roses,Live Era '87-'93,1988,122.838,0.0,6,1,2,1
SOOJXKD12A58A7AB3C,It Hurts Me Too,Jeremy Spencer,Precious Little,2006,92.433,0.0,0,0,0,1
SOJHKKJ12AB0182FBA,The Little Stack Of Barley / Cronin's Hornpipe,S\xc3\xa9amus Ennis,The Wandering Minstrel,0,162.356,0.0,1,1,2,1
SOZPMGI12AB018979F,Spend the Night featuring Rock Money and Paul Law,Tech N9ne,Calm Before the Storm,0,106.644,0.0,7,7,0,1
SOPLYEI12AB0181C03,In Your Dreams,Justo Almario,Count Me In,1995,216.557,0.0,7,0,0,1
SOSURIF12AB0180A1B,Let it go Interlude,PMD,The Awakening,0,70.123,0.0,2,10,0,1
SOCHDXC12A8C13837F,Follow The Light,Dungeon Family,Even In Darkness,0,117.004,0.0,0,7,0,0
SOZYCQM12A8C13F9AB,Maybe You'll Love Me Too,Jazz Gillum,Jazz Gillum Vol. 3 1941-1946,0,98.563,0.0,4,8,0,1
SOIAEVG12A8C141B2F,I Woke Up One Morning And I Could Hardly See,Sonny Terry / Brownie McGhee,At The 2nd Fret,0,100.82,0.0,5,0,2,1
SOKASWV12AB01857B5,Night Falls (The Weight Of It),Strata,Strata Presents The End Of The World,2007,125.562,0.0,5,0,0,0
SOVWTKI12A58A789B6,"Then He Said_ ""Sing",Ivan Parker,The Best Of Ivan Parker,0,91.964,0.0,0,0,0,1
SOPHKAI12AB018873D,Ten Thousand Angels,Mindy McCready,I'm Still Here,1996,100.881,0.0,10,7,0,1
SOLHMRA12A8C13234A,Leaders Of Men,Joy Division,Let The Movie Begin,1978,150.04,0.0,2,6,1,1
SOQEKJO12AB0188E78,La Mona Jacinta,Mar\xc3\xada Elena Walsh,Todos Cantamos Con Maria Elena,2000,131.552,0.0,0,0,0,1
SOQUGNH12A6D4FBB0E,Overture (Genesis & Job),Don Francisco,Genesis And Job,0,68.537,0.0,0,7,0,1
SOOWVUN12AB0185435,Zindegi,Chantal Chamandy,Beladi,0,84.96,0.0,11,11,0,0
SOHWHZJ12A58A79FA8,Mohawk Hunt,Kaskaad,Kaskaad - Mohawk Hunt / Earuption,0,87.507,0.0,4,6,0,0
SOPHMRL12AB017E87B,Don't Let Her Pull You Down,New Found Glory,Not Without A Fight,2009,192.07,0.0,4,4,1,1
SOEEPYY12A58A7B1C8,Le Precipice,Daara J,Boomerang,0,91.005,0.0,0,0,0,1
SOQENPJ12AB0180997,Fortress,Tim Exile,Listening Tree,2009,110.0,0.0,1,1,0,1
SOLPFAE12A8C13AF2D,Die Meisten,Samy Deluxe,Samy Deluxe,2001,85.865,0.0,1,1,0,1
SOMNSHX12A58A79CD2,No Coward Soldier,The Jackson Southernaires,Power Packed,0,115.434,0.0,8,1,0,1
SOQAFSW12A67021430,Start!,The Jam,Dig The New Breed,1980,144.424,0.0,7,7,1,1
SOHLHAI12A8C139204,Thats life,Sane Band,Many moods of love - vol.2,0,148.071,0.0,9,1,0,1
SOWWOFM12A6D4F82F0,Hard Hitters,Dilated Peoples Featuring Black Thought,Expansion Team,2001,87.326,0.0,7,0,1,1
SODIDOO12A58A794E4,The Meantime,Phantom Planet,Live 2004,2004,122.488,0.0,2,1,0,1
SORURBV12A8C140200,Saca La Botella,Sonora Santanera,Solo Lo Nuestro - 20 Exitos,0,94.257,0.0,2,10,2,0
SOYMDLM12A6D4FB10B,Two Elegiac Melodies Op. 34: 2. The Last Spring,Sir Neville Marriner,Mozart: Academy in Concert,0,61.634,0.0,7,11,2,1
SOVQYSC12AB017D1C5,Fica ma mi,Nichols,Ladies Night,0,167.941,0.0,0,2,3,0
SOBPQVV12A8C13BE51,Are You Happy (Album Version),Drop Dead_ Gorgeous,In Vogue,2006,200.289,0.0,0,1,1,0
SOMNXCC12AB0187BE7,Papa Don't Preach,Madonna,Celebration,1986,121.948,0.0,5,0,0,0
SOOCZWD12AB0185147,Crazy Circles,Bad Company,Desolation Angels,1979,194.283,0.0,0,2,0,1
SOSFUQC12AB017E17E,Akhan Nay Sharab,Pardesi,Pump Up The Bhangra,0,90.811,0.0,11,11,0,0
SOILDRV12A8C13EB77,Dark End Of The Street,Diamanda Galas,The Sporting Life,0,162.133,0.0,5,0,0,1
SOJZLAJ12AB017E8A2,Sentimental Man,Winston Reedy,Reality,0,118.123,0.0,1,1,1,1
SOLXXPY12A67ADABA0,The Hanged Man,Moonspell,Sin / Pecado,1998,140.185,0.0,7,9,0,1
SOQSJJL12AC46874BC,Harboring An Apparition,Mouth Of The Architect,111,2006,124.562,0.0,3,3,0,1
SOJARSR12AB0184939,Munster Song (Best of 2009),Mario Rosenstock,Gift Grub 10,0,90.05,0.0,7,9,1,1
SORZSCJ12A8C132446,Zydeco In D-Minor,"Myrick ""Freeze"" Guillory",Nouveau Zydeco,0,137.663,0.0,0,0,1,1
SOVMTAW12A8C13B071,God Don't Never Change,Blind Willie Johnson,Praise God I'm Satisfied,1989,95.677,0.0,0,2,0,1
SOBUUYV12A58A7DA27,The Forgotten Lands,David Arkenstone,Return Of The Guardians,1996,141.975,0.0,9,1,0,1
SOAYONI12A6D4F85C8,The Wonderful World Of The Young,Danny Williams,Collection,1998,77.072,0.0,8,0,0,1
SOFOBSK12A8C1447C4,One the road (to Damnation),It Dies Today,Sirens,2006,98.377,0.0,11,0,1,1
SOUWMIW12AB0184748,Down In Dixie,Grandpa Jones,The Unforgettable Grandpa Jones,0,119.271,0.0,2,9,2,1
SOFAOMI12A6D4FA2D8,Shattered Life,Seventh Day Slumber,Once Upon A Shattered Life,2005,150.575,0.0,2,2,0,0
SOOAMWT12A8C13B479,Does It Float,Dinosaur Jr.,Dinosaur,1985,185.452,0.0,0,0,0,1
SONAEGX12A8C141C53,Why can't we live together,Sin Plomo,Why can't we live together Rmx,0,127.955,0.0,7,0,0,0
SOASHZJ12A8C1426D8,Along Comes Mary,Cal Tjader,The Soul Of Jazz (Jazz Club),0,143.764,0.0,9,2,4,1
SOLQETH12AB0181E42,My Way (Alternate Studio Version),The Sex Pistols,Sex_ Anarchy & Rock N' Roll Swindle,0,89.607,0.0,11,4,0,1
SOIRKJL12A8C13A2AA,Give U My Heart,Toni Braxton Featuring Babyface,Ultimate Toni Braxton,2003,103.832,0.0,10,1,1,0
SOJYYHN12AB0182966,The Storm,Lloyd Spiegel,Tall Stories,0,113.397,0.0,9,0,0,0
SOHCFNL12A8C140C2E,Daybreak,Winterlight,Kissed,0,99.998,0.0,0,0,0,1
SOLYUTF12A8C133225,Crayon Sharpener,themselves,Them,2003,167.885,0.0,1,0,0,1
SOYYFNE12AB018A96D,Die Romantic [Live],Aiden,From Hell...With Love,0,125.653,0.0,7,0,1,1
SOIMKZT12AB018B1DD,Brasil pandeiro,Mart'n\xc3\xa1lia,Spirit of Brazil live,0,96.978,0.0,0,0,0,1
SOZAWLR12A58A79324,Alone Together (Live Acoustic),John Wesley,Oxford,0,150.986,0.0,4,11,0,1
SOERLWC12AB0187445,La Bambola,Los Iracundos,20 Secretos De Amor - Los Iracundos,0,125.717,0.0,1,8,0,0
SOUVPPF12AB01855B1,Rapaz De Bem,Sivuca,Samba Nouvelle Vague,0,181.239,0.0,5,1,4,1
SOZYZDZ12AB01873CA,On The Edge Of Forever,Mannheim Steamroller,Day Parts-Romance,0,109.831,0.0,0,7,0,1
SOZPRLC12AB01866A7,Soy Un Poco De Ti - Original,Yolandita Monge,Yolandita Monge Selected Hits Vol. 2,0,114.325,0.0,0,0,0,1
SOSYTWT12AB0182AE4,Is This Legal,The Lord Henry,Zoo Palace,0,142.991,0.0,11,2,0,0
SOVSIZD12AB0184484,Track BALLERINA GIRL,Antonio Koudele,"HarpGuitar ""Antonio Koudele Plays Evergreens"" Vol.1",0,88.12,0.0,7,7,0,1
SODCBAD12A8C130BA2,The Drama (intro),X-Ecutioners featuring Big Pun,Rap Life,0,115.498,0.0,1,0,2,1
SOAFZZF12AB0186C77,Come On Home,Michael English,The Best of Michael English,0,123.29,0.0,2,9,0,1
SOQLKYX12A8C13A7AB,Near You,Floyd Cramer,Piano Masterpieces,1964,83.724,0.0,2,2,3,1
SOQMFYZ12A6D4F9C4A,Diamonds From Sierra Leone,Kanye West,Late Orchestration,2005,81.53,0.0,7,0,0,1
SOOKCOH12A8C13AA44,Break Em,Ultra X,Taste the X,0,101.458,0.0,1,8,0,1
SOQARNP12A8C135A28,Intro,Tha Liks,X.O. Experience,2001,97.067,0.0,11,1,1,1
SOTEFFR12A8C144765,A Dustland Fairytale,The Killers,Day & Age,2008,134.734,0.0,11,2,0,0
SOIVWOX12CF5827585,I'm That Type Of Ni**a,The Pharcyde,Bizarre Ride II,0,104.357,0.0,7,0,0,1
SOBQCYC12AB018748A,Sunshine Anchorman Medley,Jonathan Edwards / Will Ferrell,Anchorman,0,83.985,0.0,10,10,0,1
SOHIPSG12AC46890BE,Somebody Sweet,John D. Loudermilk,John D. Loudermilk,0,87.714,0.0,7,2,0,1
SONWNNQ12A58A77AD6,Just My Imagination,Cornell Campbell,Soul Classics On Reggae Beats,0,88.843,0.0,5,0,0,0
SONBMJI12A6D4F82B7,Merry-Go-Round,M\xc3\xb6tley Cr\xc3\xbce,Too Fast For Love,1981,121.691,0.0,7,7,0,0
SOIDEZW12A6D4F9655,Young Riders,Hot Boys,Let Em' Burn,0,93.859,0.0,4,9,0,0
SOSJSMZ12AB0187EB3,Lovin' You,Minnie Riperton,Love To Love,1974,122.832,0.0,9,9,0,1
SOEBFHP12AC468DA37,Dr Kaotica,Organ Donors,Lange Presents Intercity Spring 2010,0,134.07,0.0,8,1,0,0
SOMROYR12AB01893AD,Long Way 2 Go [Friscia & Lamboy Club],Cassie,Bad Boy Dance Mixes Volume 4,0,82.005,0.0,10,0,0,0
SOMLVRX12AB0189DCE,That's Not the Way Love's Supposed to Be,Tora Tora,Before & After,0,110.494,0.0,7,0,1,1
SOKUIMB12A6D4F8AC6,Standing In The Darkness,Alias,Alias,0,140.449,0.0,9,9,1,1
SOOIAGM12AB01862C7,Class Clown/Good Old Days (Reprise),Owsley,Owsley,1999,95.787,0.0,9,4,0,1
SOVZNGE12AAF3B1E2A,Leave My Kitten Alone,Little Willie John,Rhythm & Blues Vol 9,1991,105.653,0.0,8,8,1,1
SONZEZC12A8C14580B,Baby_ I'm Your Man,Kevin Max,Crashing Gates,2008,88.002,0.0,9,4,0,1
SOYYBIA12A8C13894D,Caught - Special Way,Freedom,Get Up and Dance - the Best of,0,163.136,0.0,4,11,2,1
SOGOSEE12A58A78241,La Panadera,Pedro Laza Y Sus Pelayeros,Fiesta Tradicional Colombiana,0,83.469,0.0,1,1,1,1
SOQZCBF12AB018644D,Monkey Faced Woman,Otis Spann,Spanning A Lifetime,0,89.518,0.0,5,0,2,1
SOXNPLV12A8C1431C3,Second Chance,The Sterns,Say Goodbye To The Camera,0,188.481,0.0,9,9,0,1
SONQTUE12B0B80BA5A,Gammer Gerten's Needle,Deep Blue Something,Home,1995,158.244,0.0,0,2,0,1
SOODKXT12AB01838B6,Strange Way To Save The World,4Him,Chapter One .. A Decade,2000,120.077,0.0,2,9,0,1
SOPGYHQ12A8AE47B30,All About Our Love,Sade,Lovers Rock,2000,161.991,0.0,4,1,0,1
SOVUFWU12A3F1ECA3C,The Bells Of Rhymney,Roger McGuinn,Roger McGuinn Live At The XM Studios  05/27/2004,0,83.897,0.0,1,1,0,1
SOFCCRW12A6D4FA064,The Letter That Johnny Walker Read,Asleep At The Wheel,Kings Of The Texas Swing - Live,2002,122.166,0.0,11,4,0,1
SOPZJXE12A8C133E5D,Hootchie Cootchie Man,Rocky Hill,Texas - A Musical Celebration One Texas Shuffle,0,93.162,0.0,2,9,1,1
SODNKBI12A8AE48AD0,Je Marche Seul (Version Longue),Jean-Jacques Goldman,Int\xc3\xa9grale 81-91,0,133.058,0.0,7,2,0,1
SOWHXVQ12A8A9D59CA,You are the summer,Gloria,Party on my own,0,84.978,0.0,2,2,0,1
SOACMGG12AB0189F0D,I Know A Place,Joe Bonamassa,Black Rock,2010,75.064,0.0,7,7,0,1
SOEAXUV12A6D4F8FA2,This Is Not A Love Song,Public Image Ltd,Valse Avec Bachir,1983,127.369,0.0,9,4,2,0
SOTZWYD12A8C1392B7,De Tha Kano Piso,Konstantinos Galanos,Proti Epafi,0,126.941,0.0,8,3,0,0
SOOINOI12A6D4FC8D0,Pack Your Bags (Remix by Ralphi Rosario),Leana,Feel Me,0,130.923,0.0,9,1,1,1
SONAZLA12A6D4F80EF,Mind On,Ashes to Ashes,Harder Faster,0,120.986,0.0,1,1,0,0
SOPRXBS12A8C1323E8,I Got My Discharge Papers,Big Joe Turner,Atomic Boogie,0,84.907,0.0,0,0,0,1
SOKDHSI12AB0181587,My Little Blue One,Cowboy Mouth,It Means Escape,0,85.268,0.0,2,9,0,1
SOKHAME12AB017D3D4,Vulture 4,DJ Slugo,DJ Slugo Juke Chronicles Vol. 4,0,74.985,0.0,1,0,3,1
SOLICYE12AB017ED96,Lucindy,Curt Bois,Die Star Von Kleinkunst und Kabarett,0,91.568,0.0,0,0,6,1
SOCAYHA12A8C13683A,The Star-Spangled Banner (1998 Digital Remaster),Felix Slatkin/Concert Arts Symphonic Band,The Military Band - Salute to the Services,0,92.499,0.0,5,5,2,1
SODRBBP12A8C1385AF,No Matter How She Done It,Tampa Red,Tampa Red Vol. 5 (1931 - 1934),0,109.961,0.0,0,7,2,1
SOYQKLT12AB01841BC,Gabriel's Oboe (La Mision),Carlos Nu\xc3\xb1ez,Cinema Do Mar,2007,131.986,0.0,11,11,0,1
SOBPZPS12A6D4F6EFA,Rhapsody In Blue (2003 Digital Remaster),Semprini,Semprini,0,137.687,0.0,10,0,2,1
SOJRCFG12A8AE44FBA,Sebastian,Daylight Torn,New Skin,0,135.91,0.0,6,1,0,0
SOXXVKU12A8C1426B6,Mort,Monique Morelli,Fran\xc3\xa7ois Villon,0,122.976,0.0,0,7,0,0
SOPMXHY12A6D4F7DBC,Isle Of Inishmore - Part 1 (Air),Kathy Mattea,Roses,2002,79.091,0.0,9,2,0,1
SOCLHLD12A6701E65B,Leroy Bown,Dee Clark,Raindrops - The Best Of...,0,148.341,0.0,7,7,0,1
SOVGYIW12AB018186F,Breaking Of Day (Album Version),The Winans,Decisions,0,106.515,0.0,10,0,1,1
SONJNMA12A6701DFDE,Inaudible Melodies,Jack Johnson,Brushfire Fairytales,2000,147.602,0.0,11,1,0,0
SOIPZVD12AB0186501,Get Up (Diplo Mix),Bingo Players,Nervous Nitelife: Tom Stephan,0,128.013,0.0,1,0,1,1
SOOTJIQ12A8C1368B9,A Veces Vuelvo,Catupecu Machu,El N\xc3\xbamero Imperfecto,2004,126.992,0.0,1,1,0,1
SOVTIJE12AB017F8D9,U Don't Have To Call,Streetwize,Smoothe Urban Jazz,0,101.311,0.0,10,8,0,0
SOOYMFA12AB017E3C1,Yi Ba Xiang Shui Yin,Leon Lai,Homework,0,86.005,0.0,9,0,0,0
SOEYALK12A8C143123,Foolish Little Girl,The Shirelles,Karaoke: 60's Star Power - Singing to the Hits,1963,116.764,0.0,5,0,1,1
SOSINEG12A58A7D528,Heartless,Hoods,The King Is Dead,0,60.308,0.0,6,1,1,1
SOWLJJD12AF729D3F5,Here I Am,Phantom Planet,Negatives,2004,105.902,0.0,6,10,1,1
SOQMALF12AAF3B4144,Be my Lover,Hysterie,Vocal House Diamonds Vol.2,0,131.986,0.0,11,1,1,0
SOKPTHW12AB018AB51,This Very Moment,Set Your Goals,Mutiny: Deluxe Edition,2006,131.639,0.0,8,3,0,1
SOERGHR12AAF3B2A52,Gotta Cut Out,Jimmy McCracklin,The Modern Recordings 1948-50,2002,101.241,0.0,2,0,2,0
SOPZACG12A6D4F9271,"Rinaldo : Act 1 ""Cor ingrato_ ti rammembri"" [Rinaldo]",Marilyn Horne,Handel : Operatic Arias,0,47.97,0.0,10,5,2,0
SOLXIWW12AC468805A,Feeling,Jaco & Mixxmaster,Feeling,2008,136.981,0.0,1,0,0,1
SOPUCKL12A6D4FB5A6,The Coloness Of The Chain,Tony Joe White,The Path Of A Decent Groove,1993,139.905,0.0,2,4,0,1
SOTNLYM12AB0181695,La Otra,Marisela,La Otra,0,134.192,0.0,1,1,0,1
SODDBHT12AB0186B6E,Blue [Da Ba Dee] [Gabry Ponte vs. HiFi Blueprint Remix],Eiffel 65,Blue [da ba dee] [2009 Remixes],0,130.039,0.0,6,11,0,1
SOHKLFL12A6D4FA150,Kill Your Darlings,Soulwax,Kill Your Darlings,1996,111.223,0.0,0,7,0,0
SOJTAWE12A6D4F8EAC,The Trial_ Were You Scared? [The Lost Interview Tapes - Volume Two] (LP Version),The Doors,The Lost Interview Tapes Featuring Jim Morrison - Volume Two: The Circus Magazine Interview,0,66.155,0.0,0,1,4,0
SOUEDBC12AC90972E5,Warung Beach,John Digweed,Warung Beach,2006,127.995,0.0,10,0,1,1
SOGQIEK12AB0186792,That Girl,Gary Morris,THAT GIRL,0,130.72,0.0,10,0,0,0
SOUKRZV12AB0182E90,Ain't That Something,High Strung_ The,These Are Good Times,2003,120.944,0.0,9,4,0,1
SOKKZIB12A8C13F5DB,Seize the day,Time Factory,No borders,0,160.017,0.0,9,4,0,0
SOCVTCQ12AB01848FC,Song Sung Blue,Neil Diamond,Play Me: The Complete Uni Studio Recordings...Plus!,1972,164.359,0.0,0,7,0,1
SOCDXPZ12AB01844FD,I've got Vilking in Me,Four Tet,My Angel Rocks Back and Forth,2004,70.296,0.0,0,0,0,0
SOZDQHO12AB018512F,2StepN,North Mississippi Allstars,Barnyard (OST),2006,124.996,0.0,5,7,0,1
SONNYOP12A8AE45715,You Can Do Better Than Me (Album Version),Death Cab for Cutie,Narrow Stairs,2008,101.306,0.0,7,7,0,1
SOUZOPT12A58A79B94,Bad Reputation (Originally Performed by Thin Lizzy),The Meatmen,Cover the Earth,0,130.164,0.0,1,1,1,1
SOVNLPD12AB018F3F9,Mutter Erde,Monika_ Wolfgang,Mutter Erde,0,117.674,0.0,7,7,1,1
SOIDSSZ12A8C142A76,Ride On Time (Original Version),Black Box,NOW Dance Anthems,0,118.834,0.0,9,0,1,0
SONFOEG12A8C13B8B8,True Fuschnick,FU-Schnickens,Greatest Hits,1992,101.871,0.0,9,1,0,1
SOQPFGN12A8C13C1B3,Mother_ Mother_ Mother_ Pin A Rose On Me,Kitty Kallen,Our Lady... Kitty Kallen,0,121.56,0.0,8,8,2,1
SOTZIPQ12AB01803AA,My Plastic Heart (Plastic Operator Remix),Frost,My Plastic Heart,0,126.946,0.0,0,0,0,1
SOCWFVT12AB01890F8,Sea of Green,Slackbaba,And The Beat Goes Om,2006,88.644,0.0,0,2,0,1
SOFWWIA12AB01884A1,Sleepy Lad,Maximilian Hecker,Help Me,2004,77.006,0.0,7,7,2,1
SOPWWAV12A8C13A825,Sickness,Agnostic Front,Riot_ Riot_ Upstart,1999,151.184,0.0,6,0,2,0
SOFDYGC12A6D4F9059,Inertiatic Esp,The Mars Volta,Inertiatic Esp,2003,112.486,0.0,6,1,0,0
SOICLQB12A8C13637C,Exodus,Sunscreem,Looking At You: The Club Anthems,1995,130.201,0.0,11,1,1,0
SOISJLZ12AC3DF6DE7,Firewater,Joe Grushecky,Outtakes and Demos 1975 -  2003,0,136.326,0.0,0,7,2,1
SOMDWZC12A8C13A065,I'll Meet You By The River (Southern Convention Songs Version),Bill & Gloria Gaither,Southern Convention Songs,0,42.797,0.0,1,8,0,1
SOYTIWN12A6D4FBA37,Ernestine,Joe Bataan,Call My Name,2005,87.467,0.0,10,0,0,1
SOURXDF12AB0180C6C,Cancion De Amor Eterno,Carlos Vives,Coleccion de Oro,2000,132.358,0.0,9,7,0,0
SOFZGIT12A58A7CD2D,Loving By Heart,Jeff And Sheri Easter,A Work In Progress,0,119.983,0.0,11,11,0,1
SONWLUL12A8C13AEEE,Overture/Blue Tahitian Moon,Angelo Badalamenti / Keira Knightley,The Edge Of Love,0,123.797,0.0,1,1,2,0
SOXVIYL12A8C144517,Danser seule 2,Klimperei,Improvisation with myself_ volume1,0,157.376,0.0,0,0,2,1
SOAUQNX12AB017B7CF,Your Touch Versus Death,Every Time I Die,The Burial Plot Bidding War,2000,187.401,0.0,10,9,0,1
SODIJTB12A8C138FB2,Foreign Prince Of Tokyo,Vodka Collins,Boy's Life,0,120.253,0.0,4,4,0,0
SOTGKDD12AC9072C18,House Music,Save As,Chill House Planet_ Vol. 4,0,125.032,0.0,6,1,1,0
SOWCTVQ12A8C134C64,True Nature,Jane's Addiction,Strays,2003,92.099,0.0,7,1,0,0
SOKEHTJ12A8C13DFB0,Blessed Assurance (I Love To Tell The Story Album Version),Mark Lowry,I Love To Tell The Story,0,106.549,0.0,0,0,0,1
SOAWNUW12AC46877F8,The Bull Frog,Edmundo Ros,Samba Samba,0,232.436,0.0,7,0,4,0
SORGIYZ12AAF3B3528,A White Demon Love Song (Soundtrack Album Version),The Killers,The Twilight Saga: New Moon Original Motion Picture Soundtrack,0,86.958,0.0,11,3,0,1
SOWNKOB12A6310E331,Deus Ex Machina,William Orbit,Strange Cargo III,1993,152.084,0.0,8,4,4,0
SOCPUJD12AC468AD40,Lusco,Berrog\xc3\xbcetto,Viaxe Por Urticaria,0,105.101,0.0,2,2,0,1
SOUKHSU12AB0185CB0,It's So Fine,Jackie Wilson,Lonely Teardrops,1958,136.749,0.0,10,0,1,1
SOPRTNI12AC4688294,King Tee Production,King Tee,At Your Own Risk,0,108.301,0.0,2,1,1,1
SOLFCRY12A8C13F38F,Skinned Strings,Chico Hamilton Quintet,An Introduction To Chico Hamilton Vol 3,0,165.476,0.0,7,0,1,1
SOWFMJA12AB01837B6,Hip Replacement,Paris_ Texas,Polyvinyl 2002 - 2003 Sampler,2002,100.532,0.0,0,0,0,1
SOCQGCO12A8C13D2E4,Zornig!,Dynamite Deluxe,Deluxe Soundsystem,2000,87.844,0.0,9,0,0,0
SOVPVKY12A6D4F6F86,Every Breath I Take,Gene Pitney,Something's Gotten Hold of My Heart: the Collection,1986,93.301,0.0,7,2,0,1
SOTJMAA12AB01862F2,Sugar Blues,Bob Willis,Texas Playboys,2000,121.923,0.0,3,7,2,1
SOTPQTD12A58A7E19B,Down And Out In Paradise,John Mellencamp,The Lonesome Jubilee,1987,134.929,0.0,11,4,0,0
SOISBPM12A8C132C8E,Bomba Camara,Richie Ray & Bobby Cruz,A life time of Hits.. (Live At Centro De Bellas Artes_ San Juan_ Puerto Rico.),0,219.131,0.0,5,0,1,1
SOMYFOE12AB0183244,El Chorro,Los Aut\xc3\xa9nticos Decadentes,Vinyl Replica:  Cualquiera Puede Cantar,1997,140.823,0.0,0,0,1,1
SOTBZNC12A8C13FC85,Chalifot (Suits) (Live) (ft. Lioara Itzchak),Hadag Nahash,Hadag Nahash - LIVE,0,167.831,0.0,4,4,1,0
SOTGNAJ12A58A7F3FE,Who Do You Roll With?  (LP Version),New Direction,New Direction,1999,56.703,0.0,2,9,0,0
SOTZUHM12A58A7E054,Here I Am,FFH,Ready To Fly,2003,138.504,0.0,3,3,0,1
SOCKRKE12AB018DD02,Talk To Your Daughter (Album Version),Robben Ford,Talk To Your Daughter,1988,137.23,0.0,0,7,0,1
SOXVFFI12AF72A1065,Didn't Know Yet What I'd Know When I Was Bleedin',Dax Riggs,We Sing of Only Blood or Love,2007,75.452,0.0,8,8,0,0
SOFFOFH12A8AE45129,Hopelessly,Rick Astley,Body And Soul,1993,150.112,0.0,8,1,0,1
SOTGNGT12A8C142826,Creation,The James Taylor Quartet,Whole Lotta Live 1998,1996,106.552,0.0,0,7,0,1
SOFFUHF12AC4689476,Leo_ Are You Still Jumping Out Of Windows In Expensive Clothes?,My Little Airport,Zoo Is Sad_ People Are Cruel,0,92.975,0.0,2,1,0,1
SOGMSIS12A58A7C45D,Jericho  (Straight On Album Version),DeGarmo & Key,Collecton,0,132.786,0.0,7,5,0,0
SOYWNEA12AB018826D,Soleil rouge,Jos\xc3\xa9lito,Les plus grandes chansons,0,116.618,0.0,8,1,2,1
SOLKCWP12AB01890A4,100 Ways ( LP Version ),Porno For Pyros,Rev,0,194.691,0.0,0,0,0,1
SOSTESB12A6D4F9A66,You Better Stop,Curtis Mayfield,Heartbeat,1979,237.466,0.0,8,1,0,1
SOZVMQJ12AB018D482,I Got Rhythm,Oscar Peterson Trio,Gone But Not Forgotten - Oscar Peterson,0,138.256,0.0,7,7,2,0
SOSAQJU12AC90755D2,Born To Be Together,The Ronettes,The Best Of The Ronettes,1991,114.047,0.0,7,0,2,1
SOGWPDK12A81C2242F,Unemployed Black Astronaut,Busdriver,Well Deep: Ten Years Of Big Dada,2005,123.998,0.0,8,1,0,1
SOGPIOY12A58A7F7AD,Save Me (Rolling Stone Original Version),Unwritten Law,Rolling Stone Originals - online single 93744-6,0,80.472,0.0,11,11,0,1
SOQXARY12A8C13F68C,Piano E Viola,Pery Ribeiro,Tributo A Taiguara,0,87.61,0.0,2,9,0,1
SOFQVFL12A6701F8DC,6 Yrs (Album Version ),Reach 454,Reach 454,2003,95.953,0.0,7,1,0,1
SONEGFT12A8C142567,Heart Trouble,Martina McBride,The Way That I Am,1993,175.954,0.0,4,4,0,0
SOVASWH12A8C13E3CE,Good Rocking Tonight,Roy Brown,Good Rockin' Tonight - Live In San Francisco,0,157.087,0.0,0,11,0,1
SOGRTXS12AB017CCFC,Soul,Pedro Luis e a Parede,Astronauta Tupy,1997,159.134,0.0,0,0,0,1
SOPAHBW12A6D4F7638,Entonces,Fran Perea,Punto y aparte,2005,90.645,0.0,4,6,0,1
SONAWWG12A8C133380,40 OZ Quartet Part I,Tha Liks,X.O. Experience,2001,160.267,0.0,0,7,0,1
SOPQJZR12AB01882BD,Kiss the Sky,Danielle Bollinger,When The Broken Hearted Love Again,2006,129.986,0.0,0,4,0,1
SOGOVUN12A8AE46B43,I Don't Know,Teenage Fanclub,Bandwagonesque,1991,116.239,0.0,6,1,1,1
SOCFKSK12A8C140704,Chaos (Live - Bridgehouse Tapes),4 Skins,The Secret Life Of The 4 Skins,0,90.787,0.0,9,11,2,1
SOZXKFE12A6D4F71FC,Witchcraft (1997 Digital Remaster),Joe Graves & The Diggers,Ultra-Lounge / Bossa Novaville Volume Fourteen,0,88.947,0.0,0,0,0,1
SOORJCV12A8C144A4E,Xue Hua Chao,Hins Cheung,Urban Emotions,2008,149.765,0.0,0,7,0,1
SOQLWVI12A6D4F465F,Year 3_000 Blues (2002 Digital Remaster),Ten Years After,Cricklewood Green,1970,106.145,0.0,11,4,0,0
SOVPTBI12AB01879CF,Anything's Better Than Feelin' The Blues,Martina McBride,Emotion,1999,40.384,0.0,11,11,3,1
SODSFSH12A8C13EDFE,Anarchy in the UK (Sex Pistols) (Bonus Track),Adrenalin O.D.,Humungousfungusamongus,1986,106.002,0.0,0,0,1,1
SOKPWEP12A8C137A4B,Fleetwood,Jim Bryson,The North Side Benches,0,97.431,0.0,5,0,0,1
SOOZDSM12A8C13D39D,3 + 3,Vangelis,3 Originals,1977,149.423,0.0,1,8,0,1
SOCFNPC12AB017CE1B,Over The Rainbow,Anita Kerr,And Now...The Anita Kerr Orchestra!,0,94.771,0.0,3,7,2,1
SOOAEZC12AAF3B28BD,Mary Had A Little Lamb,Dora The Explorer,Dora The Explorer Party Favorites,2008,141.961,0.0,7,1,1,1
SOCMYLF12A67020A4D,Tell Your Momma Come,Black Eyed Peas,Bridging The Gap,2000,204.304,0.0,7,1,0,0
SOEOYBN12A6D4F9E2C,Turn The Heat Up,Bobaflex,Apologize For Nothing,2005,93.033,0.0,10,0,0,1
SOYSZGR12A8C14015C,Cursed Angel Of Doom (Previously Unreleased&Re-Recorded Track),Behemoth,Demonica,0,139.115,0.0,5,4,1,0
SOAPDWC12AC468BB3B,The Future,Benga,GetDarker Presents THIS IS DUBSTEP 2,2006,87.468,0.0,11,7,3,0
SOICMNM12A6D4F89C3,If They Want It,DJ Clue / Fabolous Sport,If They Want It,0,193.919,0.0,11,1,1,1
SOULPEW12A8C13E4F7,4 Minutes [Featuring Justin Timberlake And Timbaland] [Junkie XL Remix Edit],Madonna,Hard Candy,2008,127.999,0.0,10,7,1,0
SOVXKMW12A8C1414C1,Death Blow,Kool Moe Dee,The Greatest Hits,1991,107.022,0.0,6,1,1,1
SOCIACN12AB0189ADC,Storm,The Pharcyde,Humboldt Beginnings,2004,97.594,0.0,2,1,0,1
SOIBHJO12A6D4F7774,How We Get Down,Bad Azz,Personal Business (Explicit),0,102.922,0.0,2,1,0,1
SOVQEYV12AF72A06B2,No Quarter,Crowbar,Crowbar,0,189.288,0.0,4,11,0,1
SOQZZKI12A67020D38,Freedom (LP Version),Wayne Watson,The Very Best,0,114.528,0.0,2,2,1,1
SOAQTZJ12A8C14343C,Canal de jonage,Mich\xc3\xa8le Bernard,Piano Voix,2006,234.361,0.0,2,2,4,0
SOAVPSK12A58A7ED21,Animal Crimes,Mad Are Sane_ The,Who?What?Why?When?Where?,1984,196.196,0.0,1,1,0,1
SOMVRYP12AB0185AFF,Flight of the Elephant,Workhorse,Beasts of Burden,2007,60.15,0.0,5,0,0,1
SOBBWJS12AB0182522,C'est pas ma faute,Betika_ Daouda,Afriki zouk vol2,0,179.999,0.0,7,0,0,0
SOICYHD12AB018A5B8,I Never Did No Hitler,20/20,Interstate,0,119.446,0.0,0,0,0,1
SOGWIQR12A8C144C22,It's A Secret,Mungo Jerry,The Best Of In The Summertime,1995,88.58,0.0,7,0,1,1
SOTEDAD12A8AE4735F,Forever,Orbital,Snivilisation,1994,87.982,0.0,9,9,0,0
SOKDPUY12AB0184594,God Gave Me You (Single/LP Version),Bryan White,How Lucky I Am,1999,151.528,0.0,8,8,0,1
SOQTOZK12A6D4F95AD,Felicidade,Moraes Moreira,Estados,0,128.544,0.0,2,9,0,1
SOUWZWV12AB0181ACF,Prayer Walk,Kris Gruen,Lullaby School,0,105.217,0.0,10,0,0,1
SOLYAED12AB01885EC,Dead End Sign,Bonita,Album,0,104.035,0.0,11,6,0,1
SOCCBOH12A8C13E947,Some Kind of Record,Rockit,Retro Boosters,0,103.015,0.0,11,4,0,0
SOWGFDH12AB017B2F5,Caroline (LP Version),Billy Pilgrim,Bloom,1995,137.296,0.0,2,9,0,1
SOFAJOM12A8C141EE4,New War,4 Skins,A Fistful Of 4 Skins,0,82.98,0.0,2,2,0,0
SOWYWXM12AB018C9E9,Only Just Begun,John Holt,Ultimate Holt,0,171.597,0.0,0,1,0,1
SOYJHEW12A8C133A40,I Changed My Mind (DJ Spinna Remix),Lyrics Born,Same !@#$ Different Day,2005,98.927,0.0,11,1,0,1
SOOFHUH12A8C1340A5,Out Of This World,Black Flag,I Can See You,1985,207.238,0.0,10,0,0,0
SOBPMLZ12AB01819E3,Hey Little Girl (1949),Professor Longhair,Tipitina,0,113.445,0.0,2,2,2,1
SOTSKKZ12A6D4F71C4,Petite Fleur (Instrumental) (1996 Digital Remaster),Henri Rene And His Orchestra,Ultra-Lounge / A Bachelor In Paris - Volume Ten,0,112.911,0.0,3,7,0,1
SOWVTAJ12A8C13C6D5,Jingle Bells,Jim Reeves,Christmas Songbook,1963,95.264,0.0,0,0,0,1
SOPYMLY12AC3DF67AE,Keys To The Whip (Straight Pimpin' Mix),Disco D feat. Lola Damone & Helluva,A Night At the Booty Bar,0,152.34,0.0,6,0,1,1
SOBPTED12A6D4F99C7,You Can't Hurry Love (Live),Phil Collins,Serious Hits... Live!,1990,206.941,0.0,11,1,1,0
SOLDLRC12AC907269F,This Side Of Paradise,Nestor Torres,The Very Best of Nestor Torres,2001,195.995,0.0,7,9,0,1
SOFGAJF12A8C141DA3,Fools Like You,Blue Rodeo,Lost Together,1992,126.1,0.0,7,0,0,1
SOSIANM12AB018CC80,Only Human,Usher Featuring The Nu Beginning,Back To The Beginning - Usher,2004,118.099,0.0,5,1,1,0
SOPZHFK12A8C135493,Adrift,Jack Johnson,Sleep Through The Static,2008,241.818,0.0,0,0,0,1
SOSAEZB12AB018DADE,My Last Date (With You),Skeeter Davis,The Country Queen,1988,102.117,0.0,0,0,0,1
SOAMZKG12A8C13797C,Anna Bolena (1997 Digital Remaster): Alcun potria ascoltarti,Maria Callas/Gianni Raimondi/Gabriella Carturan/Plinio Clabassi/Nicola Rossi-Lemeni/Coro del Teatro alla Scala_ Milano/Noberto Mola/Orchestra del Teatro alla Scala_ Milano/Gianandrea Gavazzeni,Donizetti: Anna Bolena,0,111.643,0.0,2,4,2,0
SOPIFJT12A81C221AC,Three Little Birds,Bob Marley & The Wailers,Legend,2007,148.684,0.0,4,9,0,0
SOKJMKB12AB0189C12,Sunday Cream,Juan Farcik,Abstract Mind EP,0,124.969,0.0,9,0,3,1
SOEKBBG12AB017E5D7,See The Big Man Cry,Charlie Louvin,Tribute to the Grand Ole Opry - Vol. 2,0,130.231,0.0,6,1,0,1
SOLEPCJ12A6D4F7404,On Tomorrow,Captain Beefheart & The Magic Band,Strictly Personal,0,186.23,0.0,9,4,0,0
SOOSHTY12AAF3B3082,A World In Fast Forward,Michael Whalen,Jazzworks Volume I,0,112.706,0.0,2,2,0,1
SOSLVUL12AB017F892,Marseille (Live On Tour_ 1984),Thomas Dolby,The Flat Earth (Collector's Edition),0,114.595,0.0,0,0,1,1
SONUOCM12A8C141FF0,The Lost Name of God,Amorphis,Karelian Isthmus,1992,122.483,0.0,8,0,1,1
SOKJUPL12A6D4F8383,Atrapados En La Red,Tam Tam Go!,Cruzando El R\xc3\xado,1999,130.402,0.0,6,1,0,0
SOFUUNS12AB018A286,Little Bit of Inner Air,Atomic Rooster,Made In England,1972,124.714,0.0,5,4,0,1
SOXGMCO12A8C139D60,Des Helden Widersacher,David Zinman,Richard Strauss: Ein Heldenleben; Tod und Verkl\xc3\xa4rung,0,131.917,0.0,7,2,2,0
SOGWIQS12A8C1339B1,Sweet Defeat,The Flesh,The Flesh,0,86.09,0.0,5,0,0,0
SOWPAXV12A67ADA046,Push It,Salt-N-Pepa,Ultimate Girl Groups,1988,127.597,0.0,4,11,1,1
SOSAOWI12A6D4F7119,Seeing Is Believing,Mike And The Mechanics,Living Years,1988,132.167,0.0,0,2,1,1
SOSGKSM12A6D4F5626,Sweeter Than You,The Four Pennies,The Very Best Of The Four Pennies,0,101.295,0.0,1,1,0,1
SORGUQZ12AB0184B31,V,Zeromancer,The Death Of Romance,2010,120.072,0.0,2,9,0,1
SOYFDOO12A8C133DA2,Red Apple Juice (LP Version),The Tarriers,Tell The World About This,0,148.294,0.0,7,7,0,1
SOCSLKG12A6D4F5954,Through With You,Maroon 5,Songs About Jane,2002,145.999,0.0,10,1,0,0
SOJPQLG12A8C140660,Another Last Shot (Album Version),Vivian,Another Last Shot,0,145.021,0.0,7,7,0,1
SOLJMGD12A58A76C3A,Isle of St. Helena,Mary Black & General Humbert,Holding Up Half the Sky: Voices of Celtic Women,1984,99.237,0.0,7,7,0,1
SOCHJTF12AC4686775,A Talk With Dad,Speech,PEECHY,2003,73.11,0.0,1,1,2,0
SOJEECD12AB018BDA5,I'll Be Yours,Faron Young,Live Fast_ Love Hard_ Die Young (Best of_ Vol. 1),1994,74.894,0.0,2,2,0,1
SOJKSPB12A67AD93AE,Marcel,Pierre Perret,Le Monde de Pierrot,1994,111.682,0.0,10,5,0,0
SOAQMCT12A8C1350DE,Turandot (2008 Digital Remaster)_ Act III - Scene I: Nessum dorma!,Maria Callas/Eugenio Fernandi/Elisabeth Schwarzkopf/Giuseppe Nessi/Nicola Zaccaria/Mario Borriello/Renato Ercolani/Piero de Palma/Giulio Mauri/Elisabetta Fusco/Pinuccia Perotti/Coro del Teatro alla Scala_ Milano/Orchestra del Teatro alla Scala_ Milano/Tul,Callas Sings Puccini,0,109.721,0.0,2,2,2,1
SOGRSPK12A8A9D88E0,Subliminal ohne Naturgeraeusche,Kurt Tepperwein,Charismatisches Selbstimage - Selbst-Management,0,113.487,0.0,4,4,0,1
SOBNTOJ12A8C133435,Whip Fight,Harry Gregson-Williams,Rundown/Welcome To The Jungle,2003,145.971,0.0,10,0,0,0
SORLVXI12A8AE45E37,Prayer For The Dying (Live In Paris),Seal,Live In Paris,2005,133.193,0.0,5,0,0,1
SOESSPX12AB01807A0,Hello Hello,Abrar - Ul - Haq,Billo on G.T. Road,0,89.077,0.0,11,8,1,1
SOCIALB12AB01811A2,Hunted,Scott Glasgow,Bone Dry - Original Motion Picture Soundtrack,0,16.258,0.0,1,1,0,1
SOELVHE12A8C135E02,Safety Net (Album Version),Moros Eros,Jealous Me Was Killed By Curiosity,2007,90.291,0.0,2,7,0,0
SOSKXWY12A8C135248,C'Etait Bien,Jean Corti,Couka,2001,163.567,0.0,0,0,0,1
SOSJRCR12A58A7BEC0,Contigo Si,La 5A Estacion,Primera Toma,0,100.266,0.0,7,7,2,1
SOFKMMF12AB018CE39,Concerto In A Minor_ Op 54: First Movement - Allegro Affettuoso - Andante Espressivo - Tempo I - Cadenza - Allegro Molto,Solomon,Piano Concertos; Grieg & Schumann,0,199.792,0.0,0,4,2,1
SOIQVDP12A8C13510A,You'll Need Somebody On Your Bond,Blind Willie Johnson,The Complete Blind Willie Johnson,1991,80.16,0.0,1,1,2,1
SOURKHT12A58A7F3E6,Tell The Truth (Album Version),Jude Cole,Start The Car,0,159.673,0.0,10,0,0,1
SOHWRNV12A58A78E24,La Calle Del Gato Que Pesca,Mar\xc3\xada Elena Walsh,Todos Cantamos Con Maria Elena,0,104.272,0.0,7,9,0,1
SONOKWX12AB0185FDC,Raggy Road,Capleton,Live At Negril,1997,161.737,0.0,7,0,0,1
SOJWSCQ12A6D4FBAB9,Trumpet Blues And Cantabile,Mike Vax,Trumpets - The Transformation,2001,107.411,0.0,7,11,2,1
SOKEGNC12A6D4FB54C,Main Title,Christophe Beck,Elektra,2002,131.487,0.0,8,1,0,0
SOIVFAV12AB0183D33,Autumn's Ablaze (Live),Primordial,A Journey's End,1998,186.12,0.0,8,1,0,0
SOVXQXN12A8C135FDC,No. 6 The Coombe,The Chieftains,The Chieftains 7,1977,105.539,0.0,7,9,2,1
SOYSKFE12A8C143AF3,Everyday Stranger,Dub Pistols feat. TK & Ashley Slater,Rum & Coke,2009,111.997,0.0,0,7,0,0
SOFGXQV12A8C13C842,My Maria (LP Version),Martin Sexton,The American,1998,86.805,0.0,4,4,0,1
SOKIZGL12AB018342D,You (Demo),Radiohead,Pablo Honey (Collector's Edition),2009,111.629,0.0,4,4,0,0
SOGZMUF12A67ADAE79,Death Song,The Last Days Of Jesus,Alien Road,2004,145.185,0.0,4,4,0,1
SOXSURB12AB0184FBC,Don't Speak,Kinky,Dance Vol. 2,0,124.995,0.0,11,1,0,0
SORUYQB12A81357343,Virgen De La Nieve - 14-String Guitar Solo,Stephan Micus,Towards The Wind,2002,85.816,0.0,3,8,11,1
SOVNCCQ12A8C136CB3,Frankie & Sue,Darden Smith,Extra Extra,1990,153.974,0.0,5,7,0,0
SOZDLOG12A58A7D3BD,Cross Currents,Richard Souther,Cross Currents,0,88.796,0.0,0,0,0,0
SOTBDNQ12A67ADBF2A,The Hills Of Old Wyomin',Roy Rogers,Ride Ranger Ride,0,100.451,0.0,0,0,0,1
SOLFRCH12A67021C28,Got To Tell The People,Cornell Campbell,Tell The People,1997,141.257,0.0,11,1,0,1
SOACXUA12AB017C9A4,Rotate,Capone-N-Noreaga feat. Busta Rhymes and Ron Browz,Channel 10,2009,201.494,0.0,0,0,1,1
SOTVMJI12AB018638F,Distant Cousin,George Schuller,JigSaw,0,103.022,0.0,7,1,2,1
SOHZYBG12A5829168F,Apoliome Re Giorgi (Feat. Etsi De),IMISKOUBRIA featuring Etsi De,I Apli Methodos Ton Trion,0,100.003,0.0,10,0,0,0
SOAQRFQ12A8AE46466,Love,Opals,Doo-Wop Classics Vol. 9 [Beltone Records],0,155.611,0.0,5,5,2,1
SOKZCJC12AF72A8C79,Here And Beyond,Behemoth,Zos Kia Cultus,2002,114.929,0.0,6,1,0,0
SONKOFE12AB0187002,Gigantor,Dickies,Locked 'n' Loaded,0,70.183,0.0,2,0,2,1
SOQAUIF12AC46861CF,Better Days (Album Version),Faith Hill,Faith,1998,141.705,0.0,0,0,0,1
SOGOBIT12AB01899DE,If I'M Dreaming just Let Me Dream,Brenda Lee,The Very Best Of Brenda Lee Vol.2,0,124.291,0.0,8,8,0,1
SOALDFI12A8C13A3A8,The 23rd Psalm,Steve Erquiaga,Prayer: A Windham Hill Collection,0,141.706,0.0,2,2,0,1
SOBLUYN12A8AE48167,L'Aventurier,Jacques Dutronc,En Vogue,1969,98.733,0.0,2,4,1,1
SOFXGUN12A8C13B449,Yi Xiao Shi Chong Yin,Edmond Leung,Motclub 903 Fa Yuan Di Du Le Le Edmond Leung Yin Yue Hui,0,137.686,0.0,5,0,0,1
SOAEBUV12A8C1335DB,Wishy Washy Woman,Mighty Joe Young,Mighty Man,0,119.52,0.0,11,9,0,0
SOWPJKA12A58A7D131,Paloma Consentida,Carmen Y Laura,The Complete Discos Ideal Recordings_ Vol. 1,0,125.45,0.0,7,11,2,1
SOJODCY12A58A7CE98,No Loafting,Junior Reid,Visa,1994,165.469,0.0,1,1,0,0
SOCJPAI12AB0185DB1,Trash (live Paris),New York Dolls,Manhattan Mayhem (a history of the Dolls),0,110.056,0.0,7,2,8,1
SOXNASC12AB01874DF,If you Seek Amy,Hoodfellas,Game Over,0,130.011,0.0,4,1,1,0
SOVVAVA12AF72A9926,Talk About Me,Screamin' Jay Hawkins,Screamin' Jay Hawkins,1995,63.263,0.0,6,1,2,1
SOGHKOU12AB018C776,Leave Me Be,The Shirrows,Shakin' All Over Again,0,123.491,0.0,0,4,0,1
SOIXICA12A58A7A9A5,Ali Baba,Jackie Edwards,The Bunny Striker Lee Story,2003,157.177,0.0,10,4,0,1
SOZDKSD12AB018A0AC,Cheshire Grin,Charlie Khan,How We Divide the Cake,0,140.197,0.0,9,11,2,1
SOAEHZK12AB0182ADF,20 horas de nada,Alex Ubago,Calle ilusion,2009,121.687,0.0,2,9,0,1
SOGRCIP12A8C1347C0,Round 7:  2138,Cassius Clay,I Am The Greatest!,0,97.065,0.0,9,0,2,0
SODVVZT12CF58273DB,The Christmas Song,Mannheim Steamroller,Christmas Song,2009,96.002,0.0,6,1,0,1
SOQFKZW12AB0181847,Kyana,Arctique,Season Selection - Summer,0,130.004,0.0,9,0,0,0
SOJMRUS12A8C13693A,Rescue And Breakout,James Horner,The Missing,2003,95.543,0.0,11,1,0,0
SOOTLIP12A6D4F95BC,Zhui Zhong,Jacky Cheung,E Lang Chuan Shou,0,169.898,0.0,4,4,1,0
SOBMGUW12A8AE4726A,Cum,Eric Burdon,Wild & Wicked,0,149.527,0.0,11,4,0,1
SOPKWZP12A6D4F7DAF,Babes In Arms,April Wine,Harder . . . Faster,1979,127.463,0.0,4,6,0,1
SOYTUNS12A8C134C16,Honey,Mariah Carey,Greatest Hits,1997,95.929,0.0,5,0,1,0
SOJWBVN12AB01868AA,Madeleine (feat. Thomas Fersen),Jean Corti,Fiorina,0,86.686,0.0,0,0,0,1
SOCHJTF12AB01829CE,Silver Bells,Lacy J. Dalton,Christmas Country,0,96.616,0.0,1,1,0,1
SOCKTEZ12A8C14553D,Shrinking,Dictafone,The Chocolate King,0,129.983,0.0,0,0,0,0
SOLQVLD12A58A7610B,Secret Handshakes,The Ataris,Welcome The Night,2006,174.468,0.0,11,6,0,0
SOQSVRE12A8C13A31C,Burning Skies,Tones On Tail,Everything!,1987,95.425,0.0,2,5,2,0
SORIWKL12AC4689A11,Greener,ARRESTED DEVELOPMENT,Strong,0,97.955,0.0,11,1,0,1
SOFXRWD12AB018B56B,Flame It Up,DJ Rashad,Juke Trax Online Vol. 3,0,106.446,0.0,9,1,3,1
SONPLJV12AB0182571,One Step Forward_ Two Steps Back,John Sebastian,Welcome Back,1976,101.971,0.0,0,0,1,1
SONTKHG12A81C22D4C,Only You,Ayo,Live At The Olympia,2006,57.639,0.0,0,2,4,1
SOFQOAR12AC4688316,Boulevard St. Germain,Bloomfield,Caf\xc3\xa9 Solaire 11-Download Edition,2006,179.976,0.0,1,0,3,1
SOSDKWG12AB0189E31,Prosperity In The U.S.A.,Yuppie Pricks,Initial Public Offering,0,160.039,0.0,0,0,1,1
SODGNNL12A8C13D3E3,Love & Romance,Willie Barcena,Hey! They're Just Jokes!,0,72.188,0.0,8,8,2,1
SOVLJVC12AB01809F8,Let It Bang,X-ecutioners featuring M.O.P.,Built From Scratch,2001,185.498,0.0,10,1,0,0
SOIKNYT12A8C134A20,40,U2,Live From Paris,1992,146.826,0.0,8,1,0,1
SOXUVQH12AAF3B388C,Your Love Takes Good Care Of Me,The Jordanaires,The King's Harmoniers,0,114.346,0.0,5,0,0,1
SOCYZXX12AB0183835,Hun Qian De Nu Ren,Hacken Lee,Concert Hall Live,0,132.174,0.0,6,1,1,0
SOZQCOR12A8151D3FC,For Free,Hal Russell,Hal's Bells,0,126.71,0.0,8,1,1,0
SOZPUVL12AB0188069,Haughtiness And Puerile Dreams,Autumnblaze,Perdition Diaries,2009,159.886,0.0,2,4,0,1
SORVMCT12A6D4FA8F7,Gamble Calypso,Mau Mau,Safari Beach (Tucasa Micasa),2000,89.672,0.0,2,2,0,1
SODVLYP12A6D4FCCA3,Feriado,Chico Cesar,Francisco Forro Y Frevo,2008,163.99,0.0,4,1,0,0
SOCUSAL12AB0182310,Sugar Bush,Bert Kaempfert,Two In One - A Singin' Safari/Safari Swings Again,1997,161.804,0.0,5,0,0,0
SODZSJG12A6D4F87AF,Mambo Bacan,Line Renaud,Les Ann\xc3\xa9es Chansons,1994,121.852,0.0,7,0,0,0
SODJQBY12AC46885B5,Wings Of Love,Zagar feat. Underground Divas,Wings Of Love Remixes,0,115.029,0.0,8,8,0,0
SOOGOQH12A8C1415D7,What Would You Do?,City High,Ultimate R&B,2001,191.548,0.0,7,0,0,1
SODKOLK12A6D4FB6B1,Gettin' Together,Tommy James And The Shondells,Anthology,1989,142.963,0.0,10,7,2,0
SOKRYXD12AC9075904,Anti fashion victime,Th\xc3\xa9ophil,Des vies,0,77.827,0.0,5,7,0,0
SOPKVPX12A8C13868F,To My_ Niechciani,Molesta Ewenement,...Taka Plyta,0,185.592,0.0,10,0,0,0
SOLWGCZ12A6D4FA8F3,Finisterre (Live),Mau Mau,Marasma General,0,107.983,0.0,7,2,2,1
SOPFIWM12AB0186A0D,(Prayer Is The Key To Heaven) Faith Unlocks The Door,Don Gibson,I Can't Stop Loving You,1959,81.832,0.0,9,1,0,1
SODKKPS12AB018397C,The One Who Lives Inside Your Heart,Lari White,Sing Me To Sleep_ Mommy,0,137.002,0.0,7,2,0,1
SOVBBUZ12A8C137B2D,Tsai Me Lemoni (2005 Digital Remaster),Dakis,Back To The 70'S-The Very Best Of Dakis,0,109.08,0.0,0,8,1,0
SOAEGFO12A6D4F87AA,Sound Clash (featuring Beenie Man) - FattaSly Extended Mix,Dream Warriors,The Master Plan,1996,106.821,0.0,6,1,1,1
SODWYJZ12AB018240F,America's Suitehearts,Fall Out Boy,Alternative Summer 2009,2008,160.109,0.0,2,9,0,1
SOIWQSF12AC468C3CD,Natural Light (Subliminal Self-Help),Steven Halpern,Radiant Health & Well-Being,0,134.538,0.0,5,3,4,0
SOVVGSH12A8C14085F,Pode Me Chamar,Eddie,Brazil Classics 7: What's Happening in Pernambuco_ New Sounds of the Brazilian Northeast,2007,160.089,0.0,8,0,0,1
SOPNUVB12A8C13627D,Souffle 2,Vincent Bruley,Oxyg\xc3\xa8ne 5: Le Vent,0,134.028,0.0,6,6,0,0
SOAWLLC12AB01893BC,Gateway,Dean Evenson,Ascension To Tibet,0,98.442,0.0,2,2,0,1
SOWJQRH12AB0186761,One About Heaven,Brent Lamb,Reflections Of A Simple Man,0,142.978,0.0,7,2,0,1
SOGMTCP12A58A81E46,Go And Wash (Those Dirty Feet),Johnny Horton,Country Legend,2005,104.284,0.0,9,1,2,1
SOIFMVY12A8AE467B1,October,U2,October,1981,94.838,0.0,9,7,2,0
SOGVDLQ12A58A7E3C5,Comin' Home,ZO2,Ain't It Beautiful,2007,88.344,0.0,7,2,0,1
SODMQQB12AC3DF6CF0,Two Lights [Bonus Track],Joe Lynn Turner,Second Hand Life: The Deluxe Edition,0,111.942,0.0,3,3,0,0
SOHWOYN12A6D4F5F4B,Peace And Quiet Time,Gonzalo Rubalcaba,Images: Live From Mt. Fuji,0,85.06,0.0,1,1,0,1
SOUYOSU12A8C139214,Porcelaine,Benabar,Live Au Grand Rex,2001,140.407,0.0,6,10,0,1
SOFFAYN12A58A7ACEC,Funny,Streetwize,Work It!,0,79.076,0.0,9,1,0,1
SOFLYJP12A8C141B86,Two Ruffles & Flourishes / General's March,US Coast Guard Band,Ceremonials,0,56.216,0.0,5,10,2,1
SOUFLRE12A58A7D6A0,Irreplaceable,Toby Love,Love Is Back,0,128.998,0.0,7,2,0,1
SOFKMDX12AB0184231,Stuff Like That,James Last,Last The Whole Night Long,0,126.184,0.0,9,9,2,0
SOFHZSP12A58A79004,Are You The One?,The Presets,Are You The One?,2005,132.946,0.0,9,11,1,1
SOZWVCA12A6D4F9774,She Runs,Jimmy Wayne,Jimmy Wayne,0,117.142,0.0,5,5,0,1
SOHKHHS12B350491C5,Cheer,Descendents,Enjoy!,1986,187.176,0.0,11,1,0,1
SOBBZZS12AB018EC5C,Wait And Bleed [Demo],Slipknot,Slipknot 10th Anniversary Edition,0,178.427,0.0,7,0,1,1
SOGOMGW12AB0188626,Con La Misma Tijera,Los Originales De San Juan,Mi Padre Querido,0,229.221,0.0,0,0,0,1
SOTBGCQ12AB0186F00,One Of These Days,Mike Bloomfield,Diamond Master Series - Mike Bloomfield,0,104.53,0.0,7,6,6,1
SOPMUGB12A8C13833E,Tirador (Carlos Jean Remix),Hevia,Tierra De Hevia,2005,124.998,0.0,3,10,1,1
SONCELS12A58A7D2A7,No Ordinary Love (Remastered LP Version),Deftones,B-Sides & Rarities,2005,166.03,0.0,11,11,0,0
SORXFQI12A8C132FAC,Freak,Stephen Pearcy,Anthology 1977-2007,2002,130.28,0.0,6,1,0,1
SONKNTF12A6D4F59C5,"Messiaen : Et exspecto resurrectionem mortuorum : IV ""Ils ressusciteront_ glorieux_ avec un nom nouveau",Pierre Boulez,Messiaen : Edition,0,152.986,0.0,8,9,2,0
SOHNTED12A6702067E,Ocean Size (Album Version),Goldfinger,Disconnection Notice,0,86.778,0.0,5,0,0,0
SOVXRRI12A8C1450B6,Rock Island Blues,Furry Lewis,Lost & Lonely Blues Vol 1,0,146.422,0.0,9,7,0,0
SOGPEMQ12A67020412,Look Thru My Eyes,DMX,It's Dark And Hell Is Hot,1998,95.752,0.0,10,1,0,0
SOHUKRD12A58A797C3,Red Sails In The Sunset,Arthur Tracy,Street Singer,1993,104.0,0.0,7,11,2,1
SONSCMZ12A6D4F6EE9,(The Best Part Of) Breakin' Up,The Ronettes,Phil Spector's Wall Of Sound Retrospective Phillies Sound 1961-1996,1964,106.671,0.0,2,2,0,1
SOXYTFQ12AB01800BA,Cedar and Clay (World),R. Carlos Nakai,People of Peace,0,99.933,0.0,7,7,0,1
SOQFMJN12AB0181D3D,Kapitel 4,Oliver Kalkofe,Kalkofe liest Asmussen - Lachen ist gesund Vol.1,2008,258.677,0.0,6,1,0,0
SOFRBZI12AB0186AE8,IRM,Charlotte Gainsbourg,IRM,2009,120.148,0.0,11,11,0,1
SOPZFGB12A8C1343E0,20.000 Seconds,K's Choice,Cocoon Crash,1998,103.801,0.0,5,0,0,1
SOJDFOK12AB018211B,Qu Ni De Hun Li,Candy Lo,Fantasy,2001,124.019,0.0,3,3,0,1
SOWAGSC12AB01815B1,Pastel,Richard Smith,Flow,0,176.014,0.0,8,3,0,1
SOXLGIE12A6D4FD624,Smoke In The Air (A Cappella),C.L. Smooth,American Me 12,2006,100.552,0.0,8,8,1,1
SOATQEU12AB017BD60,Fall in Philadelphia,Hall & Oates,AM Radio Gold: Hall & Oates (Remastered),1972,153.802,0.0,8,8,0,1
SOFSZCZ12A8C140AB4,When I Left Home,Champion Jack Dupree,The Blues Of Champion Jack Dupree Vol. 1,0,105.291,0.0,5,9,2,1
SOXBVUJ12A8C13CB38,I've Been Trying,Archie Bell and The Drells,I Can't Stop Dancing,2004,100.922,0.0,6,1,0,1
SOAZKKM12A6D4F7D9D,Hala_ Tumba And Timbal,Airto Moreira,Life After That,2003,164.33,0.0,1,8,0,0
SOZRMNB12AB017F016,Juana Democracia / Calipso Del Tlc,Los Nakos,Va Por Chiapas,0,201.459,0.0,6,4,0,0
SOLISXB12A6D4FB3B6,Southern Jukebox Music (Live) (2001 Digital Remaster),Penguin Caf\xc3\xa9 Orchestra,A History,0,124.513,0.0,2,1,0,1
SOCWKZV12AB018A943,Everybody,Goose,Bring It On Rarities & Remixes,2006,130.052,0.0,11,4,1,0
SOLPKNI12A8C13CA50,Loud Up!!,The Mad Capsule Markets,1997-2004 (Hits),2004,170.94,0.0,5,1,1,1
SOTZBSG12A8C141336,Fishing Blues,Jim Kweskin_ The Jug Band,See Reverse Side For The Title,0,147.057,0.0,11,2,2,0
SOUJKAH12A6701F2A5,Control It (Album Version),Static-X,Shadow Zone,2003,144.017,0.0,6,1,1,1
SOCEPXD12AB01829AA,Got You Moving,DJ DLG feat. MC Flipside,On The Run / Back For More / Got You Moving EP,2006,128.007,0.0,11,1,1,1
SOKESRD12A6701E91C,Everybody's Gonna Be Happy,Queens Of The Stone Age,Songs For The Deaf,2002,88.889,0.0,1,1,1,0
SOJLMEY12A6D4FB027,Dead End Street,Foghat,Tight Shoes,1980,137.804,0.0,6,4,1,0
SOVIKTX12AB017E98C,Bluesanova,Daddy Dog,Turntable Essence,0,88.861,0.0,4,1,0,1
SOHELDA12A8C133D75,En La Tierra Caliente,Tam Tam Go!,The Platinum Collection,1993,135.151,0.0,9,9,0,0
SOXRZUH12A6D4F68AB,Cherry,UFO,The Essential UFO,0,132.43,0.0,7,2,0,1
SOFCCPN12A8C1435FE,All Things Must Pass (2009 Digital Remaster),George Harrison,Let It Roll - Songs Of George Harrison,0,122.341,0.0,9,4,0,1
SOFIRFY12AC909716A,valid,Riamiwo,Twisted,0,63.972,0.0,9,9,2,0
SOFRINM12A6D4F7B10,Threadbare Gypsy Soul,Pat Green,Three Days,2001,97.683,0.0,9,4,0,1
SOWTNBZ12A6D4F90C4,Lil Brother (LP Version),King Curtis,Have Tenor Sax Will Blow,0,103.579,0.0,3,10,2,1
SOUVEHM12A6D4FC57D,I'm Just Raw (prod Dan the Automator) Main,Lyrics Born,I'm Just Raw b/w Pack Up Remix,0,170.047,0.0,7,9,0,1
SOFNWZV12A8C144495,Rude!/Drum Solo,Humble Pie,The Atlanta Years,0,126.83,0.0,0,5,0,1
SOCSIII12AB0183D7F,Mi Lindo Amor,Jay P\xc3\xa9rez,Tesoros De Colecci\xc3\xb3n,0,102.155,0.0,9,1,0,1
SOBHQGR12A8C134244,Fruity Woman,Doc Pomus,The Savoy Blues_ Vol. 3,0,81.626,0.0,3,5,2,1
SOKODRA12A8C13B4B5,City Headache,Scott Matthews,Passing Stranger,2006,173.945,0.0,4,0,0,0
SOHDREN12A6D4F89EC,I Love The Life I'm Living,Slim Harpo,The Excello Singles Anthology,1993,93.77,0.0,10,0,0,1
SOGZLAA12A8C137C6D,Ain't Gonna Do That No More,Blind Blake,Blind Blake Vol. 4 (1929 - 1932),0,101.918,0.0,5,5,2,1
SOUNBZQ12A8C1366A3,78 Stimulator,Stimulator,Stimulator,2004,123.044,0.0,10,1,0,0
SOKEGBU12AB017FA3E,Skiff For The Suits,Arsonists Get All The Girls,Portals,2009,166.409,0.0,7,0,1,1
SOTNVHX12A8AE45CE9,"Medley : ""Traces"" (Live)",Jean-Jacques Goldman,Int\xc3\xa9grale 81-91,0,139.286,0.0,0,7,2,1
SOYPBQN12AB018BE82,Tranceplant,Organ Donors,MASIF HARD DANCE ICONS 003: LISA LASHES,0,146.01,0.0,5,10,1,0
SOVEIDU12AC9097A10,On The Road Again,The Sonics,Maintaining My Cool,1967,154.246,0.0,7,2,1,1
SOQCRIP12AB0184DA3,Stone a Pig,Bongzilla,Live From the Relapse Contamination Festival,2002,102.739,0.0,0,2,0,1
SORATLR12AAF3B3E19,House Of Sin,Leeroy Stagger,Beautiful House,2005,75.487,0.0,5,0,0,1
SOHPMTS12A8C14093A,25 Variations And Fugue On A Theme By G.F. Handel For Piano_ Op. 24: Variation XXII,Solomon,Solomon Vol. 2,0,82.799,0.0,3,10,4,1
SONBEKD12AB01894DC,Times Like These [Live From Red Rocks],Jack Johnson,Music For Relief Download To Donate For Haiti,0,141.257,0.0,9,11,0,1
SOJKIPU12A8C137B47,It Must Be Me,X (Australia),Aspirations,0,63.641,0.0,5,4,0,1
SOBDGBW12A8C13D50B,When Me A Move,Capleton,Lotion Man,1991,102.399,0.0,8,1,0,0
SOHUBRB12AB017E617,Molly Darling,Eddy Arnold,Cattle Call,1956,120.423,0.0,0,0,2,1
SOKQNUO12A6D4FAB22,Tristeza (Brazilian Blues),Luiz Bonfa / Oscar Castro Neves / Lalo Schifrin,Composer of Black Orpheus Plays and Sings Bossa Nova,0,86.71,0.0,9,9,0,0
SOPOCDY12A8C13F75A,4 Minutes [Featuring Justin Timberlake and Timbaland] [Bob Sinclar Space Funk Remix],Madonna,4 Minutes - The Remixes,0,104.821,0.0,0,7,0,1
SORZGSZ12A8C1337B7,Thrones And Dominions (Album),Earth,Phase 3: Thrones And Dominions,0,81.302,0.0,2,2,0,1
SOAGBCW12AB0183D8F,With a Little Dub From My Friends (feat. Luciano and U Roy),Easy Star All-Stars,Easy Star's Lonely Hearts Dub Band,2009,183.048,0.0,4,0,0,1
SOUESWQ12A8C13588E,Sicilienne (by Francis Poulenc),Laura Leon,Preludes To Passion,0,84.462,0.0,0,0,4,1
SOZQUKB12A8C13ACDB,Sweet Remedy,Jennifer Brown,In My Garden,0,144.026,0.0,10,0,0,0
SOSPNZF12AB018214F,Corazon Clandestino,Fito Paez,Cronica,0,162.38,0.0,11,6,1,0
SOOGBEO12A58A7BBD7,I'm Mad,EPMD,Business As Usual,1990,109.062,0.0,0,0,0,1
SOPEPYA12AC90758FA,De belles,Th\xc3\xa9ophil,Des vies,0,122.99,0.0,8,10,0,1
SOBHHIZ12AB01841E0,Peanuts,Little Joe & The Thrillers,Backline Volume 61,0,138.876,0.0,5,8,2,0
SOEMSEL12A8C133A42,Don't Treat Me Bad,Firehouse,Good Acoustics,1990,109.993,0.0,3,10,1,1
SOJDEBD12AB018512D,Escape From The Underrealm,Tilman Sillescu,Battleforge,2008,120.381,0.0,3,11,0,0
SOPNHHV12AB0184777,You Make Our Shack A Mansion,Grandpa Jones,The Unforgettable Grandpa Jones,0,114.546,0.0,8,8,2,1
SOXZAGF12CF5827515,Amazing,George Michael,Amazing,2004,128.407,0.0,10,1,0,0
SOXWTYQ12A58A7BDAD,Freezin' From The Inside Out,John Sebastian,Tar Beach,2001,71.952,0.0,9,9,0,1
SOSJRUA12AF729B7A7,Concede,Sister Hazel,...Somewhere More Familiar,1997,142.893,0.0,2,1,0,1
SOSKUCS12A58A7955B,Bleeds In Blue (Album Version),Home Town Hero,Home Town Hero,2002,156.202,0.0,1,1,0,1
SOOYJKF12AB0183217,Djungelstadt,Sonic Subjunkies,Live At The Suicide Club,1994,143.267,0.0,1,0,1,1
SOXYKNM12AB018D23A,Boy & Girl (Feat. Fiona Daniel),Serpentine,Beauty Queen,0,97.536,0.0,9,4,0,1
SOMLMFQ12A8C13C834,I Can Dig It,The Box Tops,Nonstop,1968,93.773,0.0,4,4,0,1
SOHANSY12AB018132E,Maga Dog/ Skanky Dog (Album),Peter Tosh & Winston Scotland,Reggae Anthology - Joe Gibbs: Scorchers From The Early Years [1967-73],0,143.85,0.0,7,7,8,1
SOPFGRC12A81C220E1,Gaffo's Ball,Sharon Shannon,The Galway Girl - The Best Of Sharon Shannon,2007,234.334,0.0,3,3,0,1
SOHCSSG12A58A7CF2D,I've Been Working on the Railroad,Laurie Berkner,Buzz Buzz,2001,171.743,0.0,0,7,0,1
SOGAGGI12AB0183FC6,Slatke male maloletnice,Beogradski Sindikat,Bssst.....Tisincina!,2002,100.017,0.0,9,0,0,0
SOEVDCK12AB018A8F3,La Pieuvre,Lara,Petit Coeur Assassin,0,125.1,0.0,9,9,0,0
SODKHSQ12AB0185513,He Took A Cab To Neptune,Art Ensemble Of Chicago,Sirius Calling,2004,183.94,0.0,4,4,0,0
SOTQWQL12A58A78E4F,Let Me In,The Fabulous Thunderbirds,The Fabulous Thunderbirds,1979,118.02,0.0,7,0,0,1
SOFLDSU12AC4689B1C,At the Club,DJ X-Change featuring DJ Omega,The X-Factor (Side B),0,160.067,0.0,1,1,0,1
SORZCXI12AB0183DB4,Body,Dj Kali,Various Artists #4,0,133.891,0.0,11,1,1,0
SOKDJRX12A8C146003,When Horsepower Meant What It Said,Sandi Thom,The Best Of,2006,210.253,0.0,4,1,0,1
SOAOBPV12A8C13A57A,Slipping Away,Vivian,V,0,177.972,0.0,9,4,0,1
SOEENRO12AB01859DF,Unsafe Sextet/Gilded Hearts of Booklovers,Busdriver,Jhelli Beam,2009,164.946,0.0,4,0,0,0
SOGDDDA12AB017E80C,Thriller (Album),Singing Melody,Jackson Lovers,0,209.956,0.0,11,1,0,1
SOCSUYP12A58A79438,Long Lonesome Blues,Blind Lemon Jefferson,The Complete Classic Sides Remastered: Chicago 1926 Disc A,1926,100.329,0.0,1,8,2,1
SOXYAYP12A6D4FF02E,Haunt Me (Album Version),Wednesday 13,Transylvania 90210,0,130.683,0.0,7,0,0,0
SOVNJBL12AB01840F9,All Night Worker,Dave Alvin,The Great American Music Galaxy,0,89.21,0.0,5,0,0,1
SOPYTWT12A6310EEF5,No Reply (Demo),Buzzcocks,Chronology,2008,177.551,0.0,6,1,0,0
SOQKLRU12AB018A995,Coward,Hoods,The King Is Dead,0,158.016,0.0,8,3,0,1
SOUYQXO12AB018B3FE,Test 72,Mush,Test EP Vol 1,0,0.0,0.0,1,1,6,1
SOSYSGH12AB0186C4F,Intro / Stay All Night_ Stay A Little Longer,Hawkshaw Hawkins,Country Style U.S.A. with Kitty Wells_ Johnnie & Jack_ Hawkshaw Hawkins_ Jean Shepard,0,117.696,0.0,5,9,2,1
SOOYBBU12A6D4F9AF3,Nature Boy,Quadro Nuevo,Luna Rossa,2002,123.006,0.0,9,4,2,1
SOCJWPN12A6D4FB3C5,Where You Think You're Goin'?,Darryl Worley,I Miss My Friend,2002,124.693,0.0,4,4,0,1
SOFEGQU12A8C13A938,Lonely Shooting Stars,Sandy Lam,Sandy Live 07,0,136.021,0.0,2,0,0,1
SOQBMLT12A8AE45F50,Shoot The Dog,George Michael,Twenty Five,2004,223.617,0.0,7,1,1,1
SORLGJC12A8C13FADC,I'll Be Home When I Can,Charlie Louvin,Hoping That You're Hoping,0,40.258,0.0,0,10,0,0
SOUNVEQ12AB018630C,Ida Red,Bob Willis,Texas Swingtime,1993,125.309,0.0,9,9,2,1
SOMZIHP12AC9E12A87,Midnight Lovers,Wyclef Jean,Masquerade,2002,195.208,0.0,1,8,0,1
SOWETKI12A67ADC802,Tainted Love feat. Tatz,NG3,As Nasty As we Wanna Be,2003,106.019,0.0,2,0,1,1
SONVVPY12A58A7A0A7,Giant Steps,Gonzalo Rubalcaba,Images: Live From Mt. Fuji,0,106.932,0.0,1,1,0,1
SOKFFSS12A8C1316E3,The Kid's Last Night (heaven is in the mountain),Abner Burnette,Calavera,0,90.92,0.0,0,0,0,1
SOEPXYF12AB01821CA,"Of Love & War (""Harry Potter & The Half-Blood Prince"")",Nicholas Hooper,Harry Potter And The Half-Blood Prince - Original Soundtrack,0,155.659,0.0,8,0,2,1
SOUNPPV12A8C13F5D3,The Song Remains The Same (2007 Remastered Album Version),Led Zeppelin,Mothership,2007,143.239,0.0,4,9,2,0
SOJZHQO12AB0184E36,Requiem Mass in D Minor_ K. 626: VIII. Lacrimosa dies illae,Vienna Concert House Orchestra_ Wiener S\xc3\xa4ngerknaben_ Ferdinand Grossmann,66 Mozart Masterpieces,0,41.634,0.0,2,2,2,0
SOHQKEZ12AC46875E9,Constructing the Absence,Sub Swara,Coup d'Yah Remixes Vol. 2,2008,94.648,0.0,7,1,0,1
SOURCQF12A6D4F6F04,Praz Him (Broken Album Version),Darwin Hobbs,Broken,2003,103.003,0.0,11,1,0,0
SOMTEOW12A8C13C938,The Aba Daba Honeymoon,Kitty Kallen,Our Lady... Kitty Kallen,0,95.471,0.0,2,1,2,1
SOQRIGO12AB018A90E,House Full Of Bullets,Joe Satriani,Live In San Francisco,1998,98.428,0.0,4,6,0,1
SOAOPCG12AC468D27E,Everything In Its Right Place,Radiohead,The Best Of,2000,122.831,0.0,5,0,0,0
SOUDXDX12AB018B942,Confiar Es Perder,Los Jaig\xc3\xbcey,Los Jaig\xc3\xbcey,0,121.996,0.0,0,5,1,1
SOYIGVZ12A8C13C73D,Eat Or Get Ate,Tum Tum,Eat Or Get Ate,2007,144.412,0.0,11,1,0,0
SOHGPEC12A8C13BBE8,Better Life,3 Doors Down,The Better Life - Deluxe Edition,2007,151.8,0.0,6,6,0,0
SOKNINP12AB018B233,Serenata de un gaitero,Gran Coquivacoa_ Neguito Borjas,Clasicos de oro del Gran Coquivacoa,0,91.965,0.0,0,11,0,1
SOMOFTZ12AB0182A54,Curse Of Sound (Dub Mix),Vuneny,V2,2006,133.297,0.0,8,1,0,1
SOOWJBD12A8C139450,Flesh And Blood,Mary Black,Best of 1991-2001 Hidden Harvest,1993,120.172,0.0,7,1,0,1
SOLAARS12A58A7786C,I Remember/Great Is Thy Faithfulness,Kathy Troccoli with Aaron Jeoffrey,Grateful Hearts,0,65.901,0.0,0,0,0,1
SOGHDQR12A8AE47EA6,Total Vision,David Tao,Atmospheric Dreams,0,161.986,0.0,2,2,0,1
SOIULKI12A58A7D8CD,Getting Closer,Cocoa Tea,One Up,1993,110.706,0.0,11,1,0,0
SOGVFPJ12A6D4F8105,Bury Me,Ashes to Ashes,Big Moving Parts,0,164.972,0.0,7,7,0,0
SOYXZSW12A3F1EA417,Healing,Blessid Union Of Souls,Close To The Edge,0,155.982,0.0,7,0,0,1
SOSXERI12AB0190244,Tough Guy,Open Hand,You And Me,2004,144.002,0.0,0,1,0,1
SONUXDT12A6D4FD8B7,Head Gone/Wine Up Uh Self (Album Version),Elephant Man,Good 2 Go,2003,80.521,0.0,6,1,0,1
SOEXCDW12A58A7C4C9,The Last Thing I Need,Big Mike Griffin,Sittin' Here With Nothing,0,86.164,0.0,5,1,0,1
SOLNWPG12A8C13B98E,Bubble Music,Cam'Ron,Purple Haze,2004,161.739,0.0,4,4,1,0
SOXNYWA12AB01877E8,Evigne,Dobet Gnahor\xc3\xa9,Djekpa la you,2010,108.153,0.0,2,9,0,1
SOAERUU12A8C13F302,Falling Down [Live Acoustic],Muse,Unintended,0,103.995,0.0,9,9,4,1
SOVDTAZ12A8BED7491,I'm Against It/Horse Feathers,The Marx Brothers,Horse Feathers / Animal Crackers,0,157.932,0.0,2,2,2,1
SOJCRRD12A58A7D438,Ayudame Freud,Ricardo Arjona,Historias,0,143.676,0.0,6,11,0,1
SOCNYWR12A8C135FA6,Boogaloo Wow,Mongo Santamaria,Santa Maria,0,119.336,0.0,0,1,2,1
SOTRVGJ12AB0183B60,La danse des petits amis,Oui Oui,Oui-oui et le cadeau surprise,0,125.093,0.0,2,4,0,1
SOOVLKO12A58A7F7BA,Will You Be There? (Live Version),Cindy Morgan,Listen,0,71.478,0.0,2,5,4,0
SOLWCYO12A5829149B,I Know You Got Soul,Eric B. & Rakim,Paid In Full,1987,94.499,0.0,7,8,1,1
SOIHAIA12AB01825F1,Army Of Me (Album Version),Chimaira,The Impossibility of Reason [Special Edition],0,90.021,0.0,4,0,1,0
SOBTCVH12AC468BF22,When They Ring The Bells Of Heaven,The Perrys,Remembering The Happy Goodmans,0,120.047,0.0,10,10,0,1
SOACNLP12A81C230B1,Einleitung,Kurt Tepperwein,Charismatisches Selbstimage - Selbst-Management,0,61.618,0.0,4,3,5,1
SOXPWTF12A81355824,Because Of You (Album Version),Unwritten Law,Here's To The Mourning,2005,103.142,0.0,8,11,0,0
SOTBYOP12AB018BA7B,Beyond The Reef,The King Sisters,Aloha,0,73.581,0.0,0,0,0,1
SOCCAYL12A8C144943,Walk In The Light,The American Boychoir,Harmony: American Songs Of Faith,0,103.027,0.0,3,3,2,1
SOCFPEQ12A6D4FC241,Then Came You,Boogie Pimps,Then Came You,2007,85.325,0.0,11,7,1,0
SONKMKL12AB018643C,6 A.M. Funk,Disco D,Ghettotech For Slow People,0,135.426,0.0,7,1,3,1
SOCGABN12A8AE481AB,The Whole World Looking At Me (Explicit LP Version),Busta Rhymes,When Disaster Strikes,0,169.951,0.0,11,0,1,1
SODHLEZ12A8AE4684B,The Arctic Ocean (Album Version),Sinch,Sinch,2002,131.915,0.0,9,5,0,0
SOUXGUH12AB0187661,Steel Guitar Rag,Alvino Rey And His Orchestra,Big Band Favourites Vol 3,2005,165.142,0.0,2,1,2,1
SOEILXI12AB017CBA6,Michael A Grammar,Broadcast,Tender Buttons,2005,85.744,0.0,7,7,0,1
SOYOQSV12CF582753D,Primordial Breath,Eluveitie,Slania,2008,94.996,0.0,11,11,0,0
SORDEXW12AB01844BE,Winds of Change,The Insects,Free the Hard Way,0,90.217,0.0,0,11,0,1
SOYFPUW12A6D223ADC,Call Me Lightning,Flamin' Groovies,Kicks,0,94.15,0.0,1,8,0,1
SOALEMW12A8C141B54,New D.B.A. Blues,Josh White,Josh White Vol. 2 1933-1935,0,88.313,0.0,10,10,2,1
SONPCEY12AF729F0BF,Scream On Em,The Game,Doctor's Advocate,0,169.672,0.0,9,9,0,1
SOWQSUC12A6D4F969C,Green Mind,Dinosaur Jr,Green Mind [Digital Version] [with Bonus Tracks],1991,135.314,0.0,4,8,1,1
SOGQEED12A8C13FCDB,I Can't Be Your Man,Porter Wagoner,Porter Wagoner's When The One You Love Says I Love You,0,109.079,0.0,7,7,0,1
SOGARVR12A8C13460B,Rock Me,Santana,The Birth Of Santana - The Complete Early Years,0,136.915,0.0,10,5,2,0
SOGMUJM12A8C13BE4C,Hua Yu Ai Li Si,Miriam Yeung,Single,0,88.02,0.0,9,9,0,1
SOJXRWG12AC9E15691,Narrative #2,Michael Bloomfield,If You Love These Blues_ Play'em As You Please,0,195.462,0.0,9,8,11,1
SOIRCEO12A8C134D85,Money Didn't Change Me,Three 6 Mafia,Da Unbreakables (Explicit Version),2003,155.08,0.0,6,9,0,0
SOCQKYB12AB018851F,Mon dieu,Jos\xc3\xa9lito,Les plus grandes chansons,0,100.229,0.0,7,7,2,1
SOIUJNU12A6D4FB62D,Playing James Mason,Mel Blanc,EMI Comedy - Mel Blanc,0,70.608,0.0,8,9,2,0
SOJVMJI12AF72A14F8,Virtuous Woman,Warrior King,Riddim Rider : Trod'n to Zion,2002,147.97,0.0,8,10,0,1
SONHEAC12AB01886A5,Ballin' (Radio),Big Rich,Ballin' - Single,0,93.976,0.0,9,9,0,0
SOMGJCG12A8C135211,Lado A Lado (Bomba Carnaval Mix),Fulanito,La Nueva Mezcla 2,0,126.855,0.0,10,0,1,0
SOBVTWE12AB01872C8,Happy Safari,Bert Kaempfert,Two In One - A Singin' Safari/Safari Swings Again,1997,139.186,0.0,8,10,2,1
SOQAZYX12AB0182724,Separate Ways,Agnostic Front,Disarming Violence,2002,87.872,0.0,4,7,0,0
SOIXZBS12A8C13DAFB,Sag es sag es feat. Neo,Samy Deluxe,The big baus of the nauf,2006,94.31,0.0,10,1,1,0
SOYMWXX12A8C139730,Ethiopian Anthem,Ras Michael and the Sons of Negus,Lion Country,1978,162.618,0.0,8,0,0,1
SOANVVN12A8AE452E2,Eduardo,Sapo,Pastanaga,2003,166.002,0.0,6,6,0,0
SOTBDQJ12A8C136EAF,Never Gonna Give You Up,Musical Youth,True 80's Love,1982,85.776,0.0,7,0,0,1
SOMSKXY12AC3DF61C1,Percussio Livre,Grupo Batuque,Samba De Rua,0,148.975,0.0,10,4,3,1
SOMKGQN12A8C1339D2,Blue Orchid,The White Stripes,Blue Orchid,2005,152.785,0.0,1,0,0,1
SOBRAEX12A6D4F8F86,Could This Be Love,Leroy Hutson,The Man!,1974,117.001,0.0,10,11,0,0
SOAFHKH12AC90757B7,Josy,Nicolas Bacchus,Balades pour enfants louches,2002,133.812,0.0,0,0,0,0
SOEFXUF12AB018418B,Unwanted,Avril Lavigne,My World,2001,162.025,0.0,2,4,0,1
SOYYBBC12A58A7A468,Peppermint Patty (LP Version),Vince Guaraldi,Oh Good Grief,0,139.768,0.0,10,3,2,1
SOPDFZN12A670215C4,Why Can't This Be Love (Remastered Version),Van Halen,The Best Of Both Worlds,0,88.471,0.0,0,0,0,1
SOPBCQA12AB017CD16,Second Hand Rose,Roy Drusky,Second Hand Rose,0,133.838,0.0,2,9,0,1
SOPKFPV12A8C141BA2,Elizabeth Story_ et al._ Honeybabe_ Your Papa Cares For You,Elizabeth Cotten,Live!,0,127.387,0.0,2,9,0,1
SOCWKCI12A8C136DBB,Pray The I Miss,Hinge,Elemental Evil,0,137.741,0.0,10,0,0,1
SOEHHBS12A8C13587E,Campane,Livio Minafra,La Fiamma E Il Cristallo,0,137.754,0.0,7,0,2,1
SOCQDVP12A8C1402DC,Everything Man (Album Version),Talib Kweli,Eardrum,2007,89.658,0.0,8,8,0,1
SOGBXMY12AB01826BE,These Foolish Things,Fixx_ The,2005 International Barbershop Quartet Contest - First Round - Volume 5,0,83.413,0.0,6,1,0,1
SORFOYB12A6701FE39,Time / Confusion,Arthur Brown,The Crazy World Of Arthur Brown,1968,71.077,0.0,0,7,0,0
SOEYLBU12AB017F771,Trybal,Stargarden,The Art of Analog Diversion,2004,131.85,0.0,9,4,0,0
SODPFQN12AB0182AE2,Night Time Blues,Ma Rainey,Night Shift Blues,2005,85.506,0.0,10,5,2,1
SOMLCEU12A6D4FAB01,Slow Hand (LP Version),Conway Twitty,Southern Comfort,0,106.407,0.0,2,0,0,0
SOQQVIP12A8C13E7E6,Sadness,Mavado,Gangsta For Life: The Symphony Of David Brooks,2007,135.733,0.0,7,0,1,0
SOQTDME12AB0183F30,A Soldiers Intro,(hed) p.e.,New World Orphans,0,106.681,0.0,2,5,5,1
SOJNQAS12A8C134963,Music For The Head,Porcupine Tree,On The Sunday Of Life,1991,44.816,0.0,5,0,4,1
SOZMKSN12AC96186C4,My Old Man Boogie,The Reverend Peyton's Big Damn Band,Big Damn Nation,2006,118.167,0.0,0,2,0,1
SOLXPOJ12AC468AC3F,Fuck You,Mister Ries,Rotterdam EP,0,160.006,0.0,11,1,3,1
SOAVASI12AB01899F3,All Purpose Experiment,Controlled Dissonance,For A Few Dollars More,0,0.0,0.0,8,3,6,1
SOINODQ12CF5826752,Dirty Harry (Single Edit),Gorillaz,Dirty Harry,2005,96.179,0.0,6,0,0,1
SOWCTGJ12AB0184820,None Missing,Birdapres,New Recruits,0,150.087,0.0,4,0,0,0
SOMRZTC12AB01884CC,Feelings Gone (feat. Sam Sparro) (Joachim Garraud Remix),Basement Jaxx,Feelings Gone (feat. Sam Sparro),0,197.011,0.0,3,10,0,0
SOETDZH12A8C132076,My Ship Is Comin' In,Walter Jackson,R&B: From Doo-Wop To Hip-Hop,0,74.55,0.0,3,7,2,1
SOZCBCO12A8C142714,Good Friend,James Horner,Cocoon: The Return,2000,129.237,0.0,0,0,4,1
SOJLZWC12A6701EB67,Yellow Brown,Jesus Jones,Perverse,1993,195.824,0.0,0,0,0,0
SOFXMHL12AB01850EF,( Gone With the Wind) Bonnies Fatal Pony Ride,Max Steiner,Gonjhe With the Wind & Golden Earrings,0,99.219,0.0,3,0,2,1
SOAZXQK12A6D4F9D99,Buckle Down (2002 Digital Remaster),Red Hot Chili Peppers,Red Hot Chili Peppers,0,110.875,0.0,0,2,1,1
SOTLPCJ12AB0189D0C,Number One Girl,Glen Washington,Number One Girl,0,161.961,0.0,5,5,0,1
SOSCQEX12A6D4F965A,Free Love,Long Beach Dub Allstars,Wonders Of The World,2001,150.573,0.0,7,0,0,0
SOBTSWX12AC46891BB,Filosofia Pura,Gal Costa / Maria Beth\xc3\xa2nia,Ciclo,0,73.411,0.0,11,1,0,0
SOGLLEM12AB0188E6E,Fractured Quantum,Ace Frehley,Anomaly,2009,89.965,0.0,7,2,0,1
SOMWKPQ12A679D8AEA,De Do Do Do_ De Da Da Da,The Police,Message In A Box,0,147.599,0.0,9,1,0,1
SOPHDZJ12A6D4F95CD,Il Y A Une Question (Live),Cali,Le Bordel Magnifique,2006,99.993,0.0,0,0,0,1
SOZXTKD12A8C13FC43,Sugar Coated Sour,The Dillinger Escape Plan,Calculating Infinity,1999,71.707,0.0,9,0,0,0
SOZGSEZ12A8C137C40,Kathe Mera Kathe Nihta (2005 Digital Remaster),Dakis,Back To The 70'S-The Very Best Of Dakis,0,93.017,0.0,5,0,0,1
SOGEXXB12AB0185D45,Harald: Trinkhalleluja,B\xc3\xbclent Ceylan,Ganz sch\xc3\xb6n turb\xc3\xbclent,0,227.247,0.0,0,1,0,1
SOKHQEF12AB0183CF6,In Di Car Back (Album Version),Mavado,Mr. Brooks...A Better Tomorrow,0,127.937,0.0,2,1,0,1
SOLCCPG12AB017C6AF,Let's Start All Over,The Cate Brothers,Voices Of Americana: The Cate Brothers,0,112.522,0.0,5,5,0,1
SODSTPI12AB018A4C9,Ferrous Carbonate Mass,Kali,Kali,0,110.889,0.0,4,1,0,1
SOZAVJO12A8C144B05,Cannibal (Dance Mix),Reel Big Fish,Monkeys For Nothin' And The Chimps For Free,2007,165.552,0.0,2,9,0,1
SOFLYRR12AB0181D04,Rolo Le Baroudeur,Julien Clerc,Niagara,1971,193.426,0.0,1,1,0,0
SODJEJR12AB018A460,Was wollen wir noch mehr?,Die Fantastischen Vier,F\xc3\xbcr Dich Immer Noch Fanta Sie,2010,95.863,0.0,10,0,0,1
SOVBQWR12A8C137843,Il N'Etait Pas Sentimental,Line Renaud,Copacabana,0,100.869,0.0,4,11,2,1
SOYIDUQ12A8C136E86,Final Solution,Blanks77,Killer Blanks,0,148.264,0.0,7,11,1,1
SOJZKQG12A8C131DDC,The Drug Suite,Stew,The Naked Dutch Painter And Other Songs,2002,96.598,0.0,3,0,0,1
SOBZRVN12A6D4FBB17,Job's Defiance,Don Francisco,Genesis And Job,0,98.8,0.0,7,7,0,1
SOWEEDF12A58A765D9,(eskomolto),Pagan Wanderer Lu,Perfection R.I.P.,0,108.829,0.0,2,2,0,1
SOJHGZJ12AB0187E31,Bad Man Story,Beenie Man,Beenie Man - EP,0,98.071,0.0,6,0,0,1
SOGUHFC12AC46895A7,Turn It Up,Devine and emilyPLAY,Hold On / Turn It Up,0,137.976,0.0,2,1,1,1
SONVBPG12A8C13F8A4,Child Support,DJ Nasty,1st. Round Darft Pick,0,149.984,0.0,6,0,1,1
SOKINCY12A6D4FB7CD,Linoleum (live),NOFX,I Heard They Suck Live!,0,191.063,0.0,1,0,1,0
SOUCCAM12AB0181444,Chasing Windmills,Heavy D,Vibes,2008,40.027,0.0,5,0,0,0
SOLIQRN12A8C1391A6,Eleanor,Low Millions,Eleanor,2004,112.897,0.0,5,5,0,1
SOHNPLG12AB0182004,Les Psys,Les Malpolis,Pi\xc3\xa9den\xc3\xa9s,2003,169.333,0.0,5,0,0,0
SOSIDUF12AC468D60B,Thrill Pistol,Tigertailz,Thrill Pistol / Wazbones,2007,134.056,0.0,2,9,1,1
SOSDNNL12AB017BEBD,Now Is A Needy Time,David Evans,Needy Time,0,133.18,0.0,6,6,0,1
SOEKFRD12A8C13CC0A,Dieter's Theme,Klaus Badelt,Rescue Dawn,2007,119.831,0.0,5,2,2,1
SOWZSFY12A67AD820C,Walking Miracle,Vanessa Bell Armstrong,Walking Miracle,0,122.511,0.0,5,1,0,0
SOCYWHV12A8C13CE5F,Peaches (Fear of Theydon remix),Dub Pistols feat. Rodney P & Terry Hall,Peaches,0,121.983,0.0,3,1,0,0
SOQJDEK12A8AE45E7A,I'm Alive (BT & Sasha Mix),Seal,Seal Best Remixes 1991-2005,2001,128.45,0.0,2,1,0,1
SOWMTOJ12AB018BBF2,Je me sens bien pasta fagioli,Chatelaine,Corps \xc3\xa0 corps,0,135.344,0.0,0,1,0,1
SOZLBTL12A8AE48237,Nite Life (Sound Factory Version),Kim English,Armand Van Helden's Nervous Tracks,0,84.015,0.0,7,0,1,1
SOCNSLB12CF5F88EF7,Shameful (LP Version),Atreyu,A Death - Grip On Yesterday,0,161.033,0.0,0,0,0,0
SOYYHCR12A8AE484B5,These Old Eyes Have Seen It All,George Jones,Wine Colored Roses,0,104.346,0.0,4,11,0,1
SOHDPIN12AC960DAC9,"The Killing Of Dumbledore (""Harry Potter & The Half-Blood Prince"")",Nicholas Hooper,Harry Potter And The Half-Blood Prince - Original Soundtrack,0,93.633,0.0,8,10,2,1
SOEKWOW12AAF3B5E1B,Skinny Woman (Gravel Road Woman),David Evans,Match Box Blues,0,103.546,0.0,9,4,0,1
SOGTAFY12AB017CF0D,Tonight,Swami,53431,2009,91.988,0.0,11,1,0,1
SOPDTXH12A8C1411BD,Jean Dominique Intro,Wyclef Jean,WELCOME TO HAITII CREOLE 101,2004,142.666,0.0,7,7,0,1
SOKCJMY12A8C1449C1,Beginning Of The End,Cockney Rejects,Out Of The Gutter,1987,165.621,0.0,9,4,0,0
SORFCGF12AF729DD6E,Latin Flute,Deodato,Deodato 2,0,88.627,0.0,0,0,0,0
SOEQESA12AB018A24A,Apostasie,Konexion,Message A L'Eglise,0,91.008,0.0,4,0,0,0
SOUYRLG12A8A9D5A50,1 - 800 - Quiereme - Remix,Luisito Rosario,Rumba Del Barrio,0,153.251,0.0,8,0,0,1
SOLLLZR12AB0180455,Wear Your Love Like Heaven / Workin' On A Groovy Thing (Medley) (1997 Digital Remaster),David Rose,Ultra-Lounge / On The Rocks With A Twist - Part 2,0,109.059,0.0,0,0,2,0
SOGQCRP12AAA15D558,Where To Hide?,Monomonkey,Before we all implode,0,155.906,0.0,0,11,0,1
SOAFAGP12A81C22CC3,Viimeiset hitaat,Kaija Koo,Lauluja rakkaudesta,1995,115.671,0.0,0,7,0,1
SODRVWF12A58A7DB20,Programmed to Consume,Abysmal Dawn,Programmed to Consume,2008,126.428,0.0,8,1,1,1
SOHNMFU12A6D4FBCE6,Auf die Fresse_ fertig_ los,\xc3\x84I-TIEM,Wenn hier einer schie\xc3\x9ft_ dann bin ich das,0,140.084,0.0,11,1,2,1
SOIPFDV12A58A7C1CE,The Things You Do,Slum Village,J-88,0,89.957,0.0,11,1,0,0
SOTLKSK12A58A7E3DB,Marine's hymn,The Sun Harbor's Chorus-Documentary Recordings,Songs of the marines,0,124.393,0.0,7,0,0,1
SOPWTDE12A8C143C71,Javalon,Constance Demby,Set Free - The Definitive Edition,1989,85.155,0.0,6,5,0,1
SOIFTWG12AF72A1F55,Junk,Photek,Solaris,2000,115.014,0.0,8,1,1,0
SOGECCF12A6D4F8AD7,Dancing The Night Away,The Motors,Airport - The Motors Greatest Hits,1977,149.629,0.0,4,4,0,1
SOWXFNB12A8C13F8F3,Heaven And Hell (Part II),Vangelis,3 Originals,0,88.341,0.0,8,1,2,0
SOSLWIY12AB018B6A8,All Dressed Up,Aram Shelton,Arrive,0,113.031,0.0,4,10,0,1
SOXRFSL12A58A78723,Quiet Nights Of Quiet Stars [Corcovado] [The Frank Sinatra Collection],Frank Sinatra,Francis Albert Sinatra & Antonio Carlos Jobim,1967,107.597,0.0,9,0,0,0
SOYNIER12AB0188280,Angel In Hell,Doug MacLeod,Where I Been,0,169.797,0.0,2,2,0,1
SOAECCP12AB0186ADB,Spider's Nest Blues,Memphis Jug Band,Move That Thing Vol 2,2005,94.853,0.0,3,8,5,0
SOUDRIY12A8C13B59A,Hotel,Cassidy featuring R. Kelly,Hotel,0,182.456,0.0,0,5,1,1
SOZPFXD12A58A7E0CC,Funky Medley,Jeff Scott Soto,One Night In Madrid,0,119.291,0.0,8,3,2,1
SOFIEJM12A8C141ABD,Harmony,Jesse Malin,On Your Sleeve,2008,139.009,0.0,1,1,0,1
SOPKJJT12A8C1433B0,It's Surprising What the Lord Can Do,The Del McCoury Band,The Promise Land,2006,208.567,0.0,11,11,0,1
SOGIMLG12A8C13A2C8,Mein Herz kann man nicht kaufen,Gall_ France,En Allemand - Das Beste Auf Deutsch,2006,131.612,0.0,4,4,1,1
SOTZYDA12AC4686E81,Hoes & Discos,Non Stop DJs,Furious EP,2004,150.958,0.0,6,6,0,1
SOMCLSH12AF72A5CA4,If This Is The End,Jeff Scott Soto,Lost In The Translation,2004,105.837,0.0,0,0,0,0
SOJBVZV12A8C13B50C,I Will Hear (Psalm 85),John Michael Talbot,Simple Heart,0,100.455,0.0,5,9,0,1
SORWYTZ12AB018D5C8,Climax ft St. Cyr,K.A.L.I.,K.A.L.I.,0,96.037,0.0,10,0,0,0
SOGGUFB12A6D4F8977,Amor De Lejos,Lara & Reyes,World Jazz,0,109.509,0.0,0,7,0,1
SOBWEDN12AB0189E3B,This is How It Goes (Timmy Trumpet Remix),Goldfish,This Is How It Goes,0,128.004,0.0,0,0,3,1
SOXDWON12AB018612D,Be Elevator,Virus,Carheart,0,155.091,0.0,0,1,0,0
SOHGCAM12AB018B2DB,Aulis Gerlander,Jope Ruonansuu,Kaikkien aikojen parhaat -45 klassikkoa - Aattelepa ite,2004,124.985,0.0,4,1,1,0
SOQUXGF12AB018685C,Is It Clean (Ethereal - Progressive),The Gone Jackals,Out And About With...,0,119.526,0.0,4,11,0,1
SOGHZWU12AB017C49D,I Talk To The Trees,Danny Williams,Moon River/Swinging For You,0,96.112,0.0,7,2,0,1
SOCINAM12A8C13D160,A Guy What Takes His Time En Anglais,Marlene Dietrich, Lazy Afternoon En Anglais,0,81.674,0.0,0,5,2,1
SOFHMOJ12A8C142DB0,New Kind Of Mambo,Big Maybelle,Maybelle's Blues,0,145.105,0.0,6,1,2,1
SOPIHQU12A670200C6,So Still (Album Version),Danny Wright,An Intimate Christmas,0,182.589,0.0,0,0,0,1
SOCPGGC12A6D4FC2B9,She Hui Ge (Movie 2nd Song - Love Undercover 3),Fiona Sit,Electric Angel,0,84.017,0.0,0,0,0,1
SOFDLKQ12AB018601E,Me Lo Dijo Adela,Tito Rodriguez,Is Hot !,0,110.065,0.0,2,2,2,0
SONOBCB12A8C1397B9,Touch My Body,Mariah Carey,Bye Bye,2008,129.991,0.0,11,11,0,0
SOHJFQF12A58A77855,The Way You Do The Things You Do,Jerry Butler,Moon River / Delicious Together,0,124.253,0.0,7,7,0,1
SOZZFUI12A8C133D6D,The Way,Saigon Kick,Live Around The World 1991 - 1996,1993,58.387,0.0,9,4,1,1
SOXWMCM12A81C219D4,Sensemilla,Mighty Diamonds,Get Ready,0,155.827,0.0,4,0,0,0
SOPHTXQ12A6D4FCE59,Exception To The Rule,Dann Huff,Solos,0,155.815,0.0,1,11,0,0
SORXHUD12AB0186030,Dj,Markscheider Kunst,Utopia,2010,152.887,0.0,7,1,0,1
SOLFWDJ12A6D4F9CEB,Just As I Am (Arr.)  (Different From Track One),Eden's Bridge,Celtic Reflections On Hymns,0,120.039,0.0,11,11,0,0
SOBNMQD12A8C134323,She's All I Ever Had,Ricky Martin,Ricky Martin,1999,161.868,0.0,11,11,0,1
SOBPVNW12A8C135CB5,I'm Hot,Erick Sermon,Music,2001,95.932,0.0,1,0,0,1
SOSBDCE12A6D4FA0B6,You're A Big Boy Now (Album Version),John Sebastian,Rhino Hi-Five: John Sebastian,0,112.4,0.0,10,5,0,1
SOXXWCR12A58A7D4FA,God Rest Ye Merry Gentlemen (World),R. Carlos Nakai,Winter Dreams for Christmas,0,136.778,0.0,9,9,0,0
SONLCEB12A8C144355,The Song from Moulin Rogue Where Is Your Heart,Percy Faith & Felicia Sanders,Hit Parade 1953,0,83.461,0.0,7,7,2,1
SOJEUFH12A8C1360BB,The Golden Rocket,Johnny Horton,Honky Tonk Man:  The Essential Johnny Horton 1956-1960,1996,226.146,0.0,11,11,2,1
SOEXCSV12A8C13D4EE,S*B*Y,An Cafe,Goku Tama Rock Cafe,0,131.059,0.0,5,0,0,1
SOAZWHG12AB01861BA,The Same Old Innocence,Architecture In Helsinki,Places Like This,2007,126.294,0.0,11,1,0,1
SOMFBRG12A6D4F9014,Run,Lighthouse Family,The Very Best Of,2001,153.474,0.0,3,6,0,0
SOHYYEY12AB0185DAD,Losing True (Album Version),The Roches,Keep On Doing,1982,147.087,0.0,9,4,2,1
SOFEETM12A8C13D151,Teenage Queen (Album Version),Aiden,Conviction,2007,163.604,0.0,2,1,0,0
SOJTZQO12AC960DB2A,Don't Take Your Love Away From Me (Album Version),Randy Travis,Full Circle,1996,112.613,0.0,10,5,0,0
